No.,銘柄,ティッカー,セクター,終値,シグナル確率,判定,テクニカル,ファンダ,RSI,MACD判定,推奨保有,保有理由
1,NTT,9432.T,情報・通信業,149.5,0.8859142120147604,BUY,-4 (弱い),-,41.972377646870875,下落止まりつつある,長期(60日),長期的な成長に期待
2,ソニーフィナンシャルグループ,8729.T,保険業,140.0,0.839443669105097,BUY,-2 (やや弱い),-,43.41453031255392,下落止まりつつある,長期(60日),長期的な成長に期待
3,レゾナック・ホールディングス,4004.T,化学,18720.0,0.6612534969146274,BUY,+7 (非常に強い),-,64.96743651791743,上昇の勢い加速,長期(60日),パーフェクトオーダー、強い上昇トレンド
4,沖縄セルラー電話,9436.T,情報・通信業,3550.0,0.6143452999040568,BUY,+5 (強い),-,56.09535012001716,上昇の勢い加速,長期(60日),パーフェクトオーダー、強い上昇トレンド
5,光通信,9435.T,情報・通信業,36550.0,0.6132376399913485,BUY,+0 (中立),-,39.453557713143795,上昇の勢い加速,長期(60日),長期的な成長に期待
6,東京電力ホールディングス,9501.T,電力・ガス業,564.7,0.6044468753510157,BUY,-4 (弱い),-,43.12650433580228,下落の勢い加速,長期(60日),長期的な成長に期待
7,コクヨ,7984.T,その他製品,821.1,0.5829939441257127,BUY,+3 (やや強い),-,50.36985161338162,上昇の勢い加速,長期(60日),トレンドが明確、長期保有で利益拡大
8,宝ホールディングス,2531.T,食料品,2227.0,0.56568135934577,BUY,+3 (やや強い),-,79.72382845377197,上昇の勢い加速,長期(60日),パーフェクトオーダー、強い上昇トレンド
9,パン・パシフィック・インターナショナルホールディングス,7532.T,小売業,878.2,0.5437463776666722,BUY,+0 (中立),-,48.35732176920016,上昇の勢い加速,長期(60日),トレンドが明確、長期保有で利益拡大
10,因幡電産,9934.T,卸売業,2780.0,0.541712248345002,BUY,+5 (強い),-,56.78974195235024,上昇の勢い加速,長期(60日),パーフェクトオーダー、強い上昇トレンド
11,NIPPON EXPRESSホールディングス,9147.T,陸運業,5259.0,0.5410758245008989,BUY,+3 (やや強い),-,85.15635297107298,上昇の勢い加速,長期(60日),パーフェクトオーダー、強い上昇トレンド
12,アコム,8572.T,その他金融業,467.5,0.5286802299686123,BUY,-4 (弱い),-,45.86306425380535,下落止まりつつある,長期(60日),長期的な成長に期待
13,フジミインコーポレーテッド,5384.T,化学,3960.0,0.5206622658344927,BUY,+5 (強い),-,71.5800260591968,上昇の勢い加速,長期(60日),パーフェクトオーダー、強い上昇トレンド
14,シチズン時計,7762.T,その他製品,2315.0,0.5171633605340799,BUY,+5 (強い),-,71.70721842778313,上昇の勢い加速,長期(60日),パーフェクトオーダー、強い上昇トレンド
15,東北電力,9506.T,電力・ガス業,1006.5,0.5169440104384158,BUY,-3 (やや弱い),-,35.31263262628768,下落止まりつつある,長期(60日),トレンドが明確、長期保有で利益拡大
16,三菱UFJフィナンシャル・グループ,8306.T,銀行業,2999.0,0.5157819737811231,BUY,+1 (中立),-,55.11713300346376,下落の勢い加速,長期(60日),パーフェクトオーダー、強い上昇トレンド
17,伊藤忠商事,8001.T,卸売業,1935.5,0.5138120169210983,BUY,-3 (やや弱い),-,43.174942438703624,下落の勢い加速,長期(60日),長期的な成長に期待
18,北洋銀行,8524.T,銀行業,973.0,0.5135305740312536,BUY,-4 (弱い),-,45.01549155370156,下落の勢い加速,長期(60日),長期的な成長に期待
19,テルモ,4543.T,精密機器,2401.0,0.5075158095369885,BUY,+5 (強い),-,69.55074852380946,上昇の勢い加速,長期(60日),パーフェクトオーダー、強い上昇トレンド
20,京王電鉄,9008.T,陸運業,737.9,0.5071168954193999,BUY,-4 (弱い),-,40.96738428337654,下落の勢い加速,長期(60日),長期的な成長に期待
21,京セラ,6971.T,電気機器,3483.0,0.5041070014887873,BUY,+4 (強い),-,83.94987299608383,上昇の勢い加速,長期(60日),パーフェクトオーダー、強い上昇トレンド
22,カネカ,4118.T,化学,5521.0,0.50395412729193,BUY,+4 (強い),-,69.7081566270536,上昇の勢い加速,長期(60日),パーフェクトオーダー、強い上昇トレンド
23,イビデン,4062.T,電気機器,23000.0,0.5034694630507952,BUY,+3 (やや強い),-,78.96833908232627,上昇の勢い加速,長期(60日),パーフェクトオーダー、強い上昇トレンド
24,スタンレー電気,6923.T,電気機器,3551.0,0.5011211724069367,BUY,+5 (強い),-,69.7208317393837,上昇の勢い加速,長期(60日),パーフェクトオーダー、強い上昇トレンド
25,芙蓉総合リース,8424.T,その他金融業,4194.0,0.5002948732363526,BUY,-4 (弱い),-,39.97776198637542,下落の勢い加速,長期(60日),長期的な成長に期待
26,ソフトバンク,9434.T,情報・通信業,215.3,0.5000013211931816,BUY,-2 (やや弱い),-,41.0216813002169,下落の勢い加速,長期(60日),長期的な成長に期待
27,リクルートホールディングス,6098.T,サービス業,10570.0,0.497047436279296,-,+4 (強い),-,80.73233168633595,上昇の勢い加速,長期(60日),パーフェクトオーダー、強い上昇トレンド
28,山陰合同銀行,8381.T,銀行業,2063.0,0.496280184389989,-,+5 (強い),-,62.7840273904438,上昇の勢い加速,長期(60日),パーフェクトオーダー、強い上昇トレンド
29,サンリオ,8136.T,小売業,856.2,0.49610281505746956,-,-1 (中立),-,42.150136405564446,上昇の勢い加速,長期(60日),長期的な成長に期待
30,川崎汽船,9107.T,海運業,2520.0,0.4954199461567508,-,-5 (弱い),-,48.11376687068647,下落止まりつつある,長期(60日),長期的な成長に期待
31,イオンフィナンシャルサービス,8570.T,その他金融業,1510.0,0.49428206895789517,-,-5 (弱い),-,38.10773698027406,下落の勢い加速,長期(60日),長期的な成長に期待
32,京葉銀行,8544.T,銀行業,2581.0,0.49193186703818637,-,+4 (強い),-,70.98295571771511,上昇の勢い加速,長期(60日),パーフェクトオーダー、強い上昇トレンド
33,住友電気工業,5802.T,非鉄金属,12585.0,0.4908992304294268,-,+5 (強い),-,62.30648415570899,上昇の勢い加速,長期(60日),パーフェクトオーダー、強い上昇トレンド
34,村田製作所,6981.T,電気機器,9625.0,0.48673006943351255,-,+4 (強い),-,89.42612964217055,上昇の勢い加速,長期(60日),パーフェクトオーダー、強い上昇トレンド
35,日本化薬,4272.T,化学,2132.5,0.4861400437022657,-,+5 (強い),-,67.63669489174565,上昇の勢い加速,長期(60日),パーフェクトオーダー、強い上昇トレンド
36,大和工業,5444.T,鉄鋼,11785.0,0.48568175501587085,-,-1 (中立),-,50.39100667683717,上昇の勢い加速,長期(60日),トレンドが明確、長期保有で利益拡大
37,八十二銀行,8359.T,銀行業,2323.5,0.4824952518673643,-,+1 (中立),-,57.29866949345378,下落の勢い加速,長期(60日),パーフェクトオーダー、強い上昇トレンド
38,東京地下鉄,9023.T,陸運業,1462.0,0.4816961929198964,-,-2 (やや弱い),-,26.863914804356668,下落の勢い加速,長期(60日),トレンドが明確、長期保有で利益拡大
39,マックス,6454.T,機械,1659.0,0.48000818744781487,-,-2 (やや弱い),-,44.88293911352345,下落の勢い加速,長期(60日),長期的な成長に期待
40,スルガ銀行,8358.T,銀行業,2317.0,0.4785142144931895,-,+1 (中立),-,53.32886480869464,下落の勢い加速,長期(60日),パーフェクトオーダー、強い上昇トレンド
41,KDDI,9433.T,情報・通信業,2738.5,0.47688232059846325,-,+3 (やや強い),-,58.44197442637791,上昇の勢い加速,長期(60日),長期的な成長に期待
42,日本郵政,6178.T,サービス業,2068.0,0.4763638418785704,-,+5 (強い),-,62.92027996410756,上昇の勢い加速,長期(60日),パーフェクトオーダー、強い上昇トレンド
43,ブラザー工業,6448.T,電気機器,3753.0,0.47629154410743635,-,+3 (やや強い),-,80.40446415212668,上昇の勢い加速,長期(60日),パーフェクトオーダー、強い上昇トレンド
44,九州フィナンシャルグループ,7180.T,銀行業,1382.0,0.47441835106096525,-,+1 (中立),-,54.33795673181923,下落の勢い加速,長期(60日),パーフェクトオーダー、強い上昇トレンド
45,日本コンセントリクスホールディングス,9072.T,陸運業,5933.0,0.47438694005405135,-,+6 (強い),-,62.3809065881917,上昇の勢い加速,長期(60日),パーフェクトオーダー、強い上昇トレンド
46,みずほリース,8425.T,その他金融業,1302.0,0.4730830462779748,-,-3 (やや弱い),-,31.8385019929881,下落の勢い加速,長期(60日),トレンドが明確、長期保有で利益拡大
47,インターネットイニシアティブ,3774.T,情報・通信業,3102.0,0.47214082392873213,-,+2 (やや強い),-,64.93739820339037,下落の勢い加速,長期(60日),パーフェクトオーダー、強い上昇トレンド
48,ノジマ,7419.T,小売業,1433.0,0.47137134403677483,-,+4 (強い),-,65.49253223150717,上昇の勢い加速,長期(60日),パーフェクトオーダー、強い上昇トレンド
49,東映,9605.T,情報・通信業,5900.0,0.47081545704322436,-,-4 (弱い),-,53.82286671910334,下落の勢い加速,長期(60日),長期的な成長に期待
50,三菱ケミカルグループ,4188.T,化学,1147.0,0.47009922582450475,-,+5 (強い),-,72.02054210069586,上昇の勢い加速,長期(60日),パーフェクトオーダー、強い上昇トレンド
51,セブン銀行,8410.T,銀行業,270.1,0.46972729548770337,-,-3 (やや弱い),-,48.82280399400858,上昇の勢い鈍化,長期(60日),長期的な成長に期待
52,日産化学,4021.T,化学,7509.0,0.4687038041111565,-,+5 (強い),-,70.36023316535956,上昇の勢い加速,長期(60日),パーフェクトオーダー、強い上昇トレンド
53,電通総研,4812.T,情報・通信業,2098.0,0.4673581832539954,-,-4 (弱い),-,46.42602549814548,下落の勢い加速,長期(60日),長期的な成長に期待
54,大和証券グループ本社,8601.T,証券・商品先物取引業,1500.5,0.4665013821660818,-,+2 (やや強い),-,51.80165993232831,上昇の勢い加速,長期(60日),長期的な成長に期待
55,リコー,7752.T,電気機器,1458.5,0.46157598311547426,-,+5 (強い),-,61.827887042871126,上昇の勢い加速,長期(60日),パーフェクトオーダー、強い上昇トレンド
56,群馬銀行,8334.T,銀行業,2260.0,0.46144386750425337,-,+1 (中立),-,53.388262586258996,下落止まりつつある,長期(60日),パーフェクトオーダー、強い上昇トレンド
57,滋賀銀行,8366.T,銀行業,2002.0,0.4589253664317238,-,+1 (中立),-,48.51512553859466,下落の勢い加速,長期(60日),パーフェクトオーダー、強い上昇トレンド
58,OSG,6136.T,機械,3425.0,0.4564854710374864,-,+2 (やや強い),-,60.43829641144973,下落の勢い加速,長期(60日),パーフェクトオーダー、強い上昇トレンド
59,高島屋,8233.T,小売業,1993.0,0.456409739612358,-,+4 (強い),-,58.85566371545265,上昇の勢い加速,長期(60日),パーフェクトオーダー、強い上昇トレンド
60,パーソルホールディングス,2181.T,サービス業,242.4,0.4555299935655198,-,+3 (やや強い),-,54.6712852975942,上昇の勢い鈍化,長期(60日),パーフェクトオーダー、強い上昇トレンド
61,KOKUSAI ELECTRIC,6525.T,電気機器,8211.0,0.45512390615959936,-,+4 (強い),-,65.24982429348333,上昇の勢い加速,長期(60日),パーフェクトオーダー、強い上昇トレンド
62,ジェイテクト,6473.T,機械,2166.0,0.45366868837704893,-,+4 (強い),-,71.46395156688489,上昇の勢い加速,長期(60日),パーフェクトオーダー、強い上昇トレンド
63,マツダ,7261.T,輸送機器,1148.5,0.45252754302912523,-,+3 (やや強い),-,64.10883405558714,上昇の勢い加速,長期(60日),トレンドが明確、長期保有で利益拡大
64,千葉銀行,8331.T,銀行業,2326.0,0.4494624574938121,-,+2 (やや強い),-,57.75729325779147,下落止まりつつある,長期(60日),パーフェクトオーダー、強い上昇トレンド
65,王子ホールディングス,3861.T,パルプ・紙,782.2,0.4494117541411513,-,-3 (やや弱い),-,36.68278374895247,下落の勢い加速,長期(60日),トレンドが明確、長期保有で利益拡大
66,第一生命ホールディングス,8750.T,保険業,1636.0,0.44770947802635064,-,+6 (強い),-,62.91256424202667,上昇の勢い加速,長期(60日),パーフェクトオーダー、強い上昇トレンド
67,三菱倉庫,9301.T,倉庫・運輸関連業,1501.5,0.4475263423389512,-,+5 (強い),-,62.706027062017384,上昇の勢い加速,長期(60日),パーフェクトオーダー、強い上昇トレンド
68,ゆうちょ銀行,7182.T,銀行業,3069.0,0.4453916416508742,-,+5 (強い),-,61.091185855032826,上昇の勢い加速,長期(60日),パーフェクトオーダー、強い上昇トレンド
69,アンリツ,6754.T,電気機器,4547.0,0.44539090775802115,-,+1 (中立),-,66.96436206563902,下落の勢い加速,長期(60日),パーフェクトオーダー、強い上昇トレンド
70,大塚ホールディングス,4578.T,医薬品,11715.0,0.4453043386112433,-,+5 (強い),-,60.683888588275636,上昇の勢い加速,長期(60日),パーフェクトオーダー、強い上昇トレンド
71,日本特殊陶業,5334.T,ガラス・土石製品,10165.0,0.4440251009330012,-,+5 (強い),-,68.90466597039558,上昇の勢い加速,長期(60日),パーフェクトオーダー、強い上昇トレンド
72,野村ホールディングス,8604.T,証券・商品先物取引業,1285.0,0.44329028400306164,-,+3 (やや強い),-,52.41879577148973,上昇の勢い加速,長期(60日),長期的な成長に期待
73,ケーズホールディングス,8282.T,小売業,2096.0,0.44068928516629496,-,+2 (やや強い),-,66.6629062365712,下落の勢い加速,長期(60日),パーフェクトオーダー、強い上昇トレンド
74,T&Dホールディングス,8795.T,保険業,4194.0,0.4406465574362564,-,+5 (強い),-,60.94864028352615,上昇の勢い加速,長期(60日),パーフェクトオーダー、強い上昇トレンド
75,りそなホールディングス,8308.T,銀行業,2039.5,0.43916851495484,-,+1 (中立),-,53.42892151791113,下落の勢い加速,長期(60日),パーフェクトオーダー、強い上昇トレンド
76,日本碍子,5333.T,ガラス・土石製品,6316.0,0.4390989037038882,-,+5 (強い),-,73.71809062292455,上昇の勢い加速,長期(60日),パーフェクトオーダー、強い上昇トレンド
77,東急不動産ホールディングス,3289.T,不動産業,1319.0,0.43839527426805325,-,-4 (弱い),-,48.40921620333984,下落止まりつつある,長期(60日),長期的な成長に期待
78,ウシオ電機,6925.T,電気機器,4156.0,0.4381119895828763,-,+5 (強い),-,65.42653459550209,上昇の勢い加速,長期(60日),パーフェクトオーダー、強い上昇トレンド
79,本田技研工業,7267.T,輸送機器,1452.5,0.43785675907454674,-,+4 (強い),-,68.114940767106,上昇の勢い加速,長期(60日),パーフェクトオーダー、強い上昇トレンド
80,セイコーグループ,8050.T,精密機器,7070.0,0.43785198424290395,-,+4 (強い),-,67.23499196929868,上昇の勢い加速,長期(60日),パーフェクトオーダー、強い上昇トレンド
81,ライオン,4912.T,化学,1619.5,0.4375716115449649,-,+3 (やや強い),-,55.12313579105337,上昇の勢い加速,長期(60日),長期的な成長に期待
82,日本精工,6471.T,機械,1249.0,0.43613127848609295,-,-1 (中立),-,53.71149812049995,上昇の勢い鈍化,長期(60日),長期的な成長に期待
83,太陽誘電,6976.T,電気機器,14815.0,0.4348475898372206,-,+4 (強い),-,91.56212240175613,上昇の勢い加速,長期(60日),パーフェクトオーダー、強い上昇トレンド
84,ニッスイ,1332.T,食料品,1325.5,0.4345569550227714,-,+3 (やや強い),-,54.09288895934862,上昇の勢い加速,長期(60日),長期的な成長に期待
85,阪和興業,8078.T,卸売業,1893.0,0.43417434491647044,-,+4 (強い),-,75.71004583776259,上昇の勢い加速,長期(60日),パーフェクトオーダー、強い上昇トレンド
86,めぶきフィナンシャルグループ,7167.T,銀行業,1329.5,0.43319795539850453,-,+1 (中立),-,46.870771531738576,下落の勢い加速,長期(60日),パーフェクトオーダー、強い上昇トレンド
87,帝人,3401.T,繊維製品,1651.5,0.4326734956854992,-,-3 (やや弱い),-,53.932589842183994,下落止まりつつある,長期(60日),長期的な成長に期待
88,野村不動産ホールディングス,3231.T,不動産業,909.6,0.4317699833062019,-,-3 (やや弱い),-,34.84028506936099,下落の勢い加速,長期(60日),トレンドが明確、長期保有で利益拡大
89,ZOZO,3092.T,小売業,990.2,0.43059661674004546,-,-2 (やや弱い),-,36.512347935369164,下落の勢い加速,長期(60日),長期的な成長に期待
90,ヤマダホールディングス,9831.T,小売業,624.5,0.4287056762676334,-,+5 (強い),-,74.80290878675892,上昇の勢い加速,長期(60日),パーフェクトオーダー、強い上昇トレンド
91,豊田通商,8015.T,卸売業,6930.0,0.42813497624999897,-,-3 (やや弱い),-,53.60248344044914,下落の勢い加速,長期(60日),長期的な成長に期待
92,旭化成,3407.T,化学,1787.0,0.42682386170071723,-,+4 (強い),-,66.88632222701257,上昇の勢い加速,長期(60日),パーフェクトオーダー、強い上昇トレンド
93,クボタ,6326.T,機械,2842.0,0.4266136632593013,-,+3 (やや強い),-,57.885355595637655,上昇の勢い鈍化,長期(60日),パーフェクトオーダー、強い上昇トレンド
94,ひろぎんホールディングス,7337.T,銀行業,2017.5,0.4263803434234191,-,+1 (中立),-,54.689172138602295,下落の勢い加速,長期(60日),パーフェクトオーダー、強い上昇トレンド
95,名古屋鉄道,9048.T,陸運業,1798.5,0.42583224511985707,-,-3 (やや弱い),-,48.413489234721844,下落の勢い加速,長期(60日),長期的な成長に期待
96,東京センチュリー,8439.T,その他金融業,2362.0,0.42530312776778834,-,+2 (やや強い),-,57.17786487267855,下落の勢い加速,長期(60日),パーフェクトオーダー、強い上昇トレンド
97,アサヒグループホールディングス,2502.T,食料品,1523.5,0.42470725829765305,-,-2 (やや弱い),-,42.96651658623546,下落の勢い加速,長期(60日),長期的な成長に期待
98,レンゴー,3941.T,パルプ・紙,1458.0,0.42399926645134484,-,+5 (強い),-,68.74467787506397,上昇の勢い加速,長期(60日),パーフェクトオーダー、強い上昇トレンド
99,日清紡ホールディングス,3105.T,繊維製品,2409.0,0.42283550573936846,-,+1 (中立),-,65.4569220287099,下落の勢い加速,長期(60日),パーフェクトオーダー、強い上昇トレンド
100,三越伊勢丹ホールディングス,3099.T,小売業,3396.0,0.4213249789496006,-,+5 (強い),-,64.83984280939475,上昇の勢い加速,長期(60日),パーフェクトオーダー、強い上昇トレンド
101,いすゞ自動車,7202.T,輸送機器,2348.5,0.42112391863930654,-,+3 (やや強い),-,56.27606508478891,上昇の勢い加速,長期(60日),長期的な成長に期待
102,MS&ADインシュアランスグループホールディングス,8725.T,保険業,4287.0,0.4209002492042879,-,+2 (やや強い),-,54.74532572329247,下落の勢い加速,長期(60日),パーフェクトオーダー、強い上昇トレンド
103,アマダ,6113.T,電気機器,3014.0,0.41926910012129914,-,+5 (強い),-,68.67710957745942,上昇の勢い加速,長期(60日),パーフェクトオーダー、強い上昇トレンド
104,日本ゼオン,4205.T,化学,2189.5,0.4191626498180214,-,+4 (強い),-,64.2243827328687,上昇の勢い加速,長期(60日),パーフェクトオーダー、強い上昇トレンド
105,兼松,8020.T,卸売業,2157.5,0.41846445090615425,-,-4 (弱い),-,44.36893455246291,下落の勢い加速,長期(60日),長期的な成長に期待
106,住友ファーマ,4506.T,医薬品,1623.0,0.41815698999401407,-,-1 (中立),-,45.15635080948363,上昇の勢い加速,長期(60日),長期的な成長に期待
107,京浜急行電鉄,9006.T,陸運業,1509.0,0.4168877468627963,-,-3 (やや弱い),-,44.16413943659494,下落の勢い加速,長期(60日),長期的な成長に期待
108,ヤマハ発動機,7272.T,輸送機器,1311.0,0.4162527111713139,-,+4 (強い),-,65.37508264083147,上昇の勢い加速,長期(60日),パーフェクトオーダー、強い上昇トレンド
109,オービック,4684.T,情報・通信業,3989.0,0.4156608956196882,-,-3 (やや弱い),-,43.89776182140812,下落の勢い加速,長期(60日),長期的な成長に期待
110,ビックカメラ,3048.T,小売業,1778.0,0.4148063355521415,-,+3 (やや強い),-,61.70536166663473,上昇の勢い加速,長期(60日),長期的な成長に期待
111,NEC,6701.T,電気機器,4103.0,0.4146002589654319,-,-6 (弱い),-,47.388263279834256,下落の勢い加速,長期(60日),長期的な成長に期待
112,SBI新生銀行,8303.T,銀行業,1398.0,0.41450763659321677,-,-3 (やや弱い),-,30.23975237078838,下落の勢い加速,長期(60日),トレンドが明確、長期保有で利益拡大
113,みずほフィナンシャルグループ,8411.T,銀行業,7195.0,0.41434156590237886,-,+5 (強い),-,55.729115125392326,上昇の勢い加速,長期(60日),パーフェクトオーダー、強い上昇トレンド
114,十六フィナンシャルグループ,7380.T,銀行業,2116.0,0.41429185364030846,-,+1 (中立),-,54.616628743373326,下落の勢い加速,長期(60日),パーフェクトオーダー、強い上昇トレンド
115,スズキ,7269.T,輸送機器,1973.5,0.41302039525710893,-,+4 (強い),-,61.93936597975691,上昇の勢い加速,長期(60日),長期的な成長に期待
116,LIXIL,5938.T,その他製品,1686.5,0.41241146349265134,-,+2 (やや強い),-,56.161762620695455,上昇の勢い加速,長期(60日),長期的な成長に期待
117,オリンパス,7733.T,精密機器,1785.5,0.4122773279507689,-,+2 (やや強い),-,55.857069031094134,下落の勢い加速,長期(60日),パーフェクトオーダー、強い上昇トレンド
118,東京海上ホールディングス,8766.T,保険業,7111.0,0.4103553268272624,-,-2 (やや弱い),-,44.09261079518439,下落の勢い加速,長期(60日),長期的な成長に期待
119,参天製薬,4536.T,医薬品,1915.5,0.40978933099836434,-,+5 (強い),-,61.91503297556067,上昇の勢い加速,長期(60日),パーフェクトオーダー、強い上昇トレンド
120,リンテック,7966.T,その他製品,5750.0,0.4096175486392606,-,+4 (強い),-,68.40221034504012,上昇の勢い加速,長期(60日),パーフェクトオーダー、強い上昇トレンド
121,DIC,4631.T,化学,4833.0,0.40881339097023306,-,+3 (やや強い),-,77.81617472967463,上昇の勢い加速,長期(60日),パーフェクトオーダー、強い上昇トレンド
122,三井不動産,8801.T,不動産業,1530.5,0.4083014895151402,-,-1 (中立),-,40.335774990363085,上昇の勢い加速,長期(60日),長期的な成長に期待
123,ジャパンエレベーターサービスホールディングス,6544.T,機械,1754.5,0.40821229016263505,-,+1 (中立),-,51.959948302792704,下落の勢い加速,長期(60日),パーフェクトオーダー、強い上昇トレンド
124,オリックス,8591.T,その他金融業,6237.0,0.40748938713274835,-,+6 (強い),-,68.43516388208914,上昇の勢い加速,長期(60日),パーフェクトオーダー、強い上昇トレンド
125,パナソニックホールディングス,6752.T,電気機器,3700.0,0.4073505261674478,-,+4 (強い),-,69.58424212219961,上昇の勢い加速,長期(60日),パーフェクトオーダー、強い上昇トレンド
126,百五銀行,8368.T,銀行業,1906.0,0.4060893017295703,-,+1 (中立),-,54.063275824685896,下落の勢い加速,長期(60日),パーフェクトオーダー、強い上昇トレンド
127,静岡フィナンシャルグループ,5831.T,銀行業,2871.0,0.40588989093797734,-,+1 (中立),-,50.338890419899045,下落の勢い加速,長期(60日),パーフェクトオーダー、強い上昇トレンド
128,インフロニア・ホールディングス,5076.T,建設業,2452.0,0.4053571487021177,-,+5 (強い),-,60.94902525406555,上昇の勢い加速,長期(60日),パーフェクトオーダー、強い上昇トレンド
129,三菱HCキャピタル,8593.T,その他金融業,1301.5,0.4050202128930669,-,-3 (やや弱い),-,30.53042957613387,下落の勢い加速,長期(60日),トレンドが明確、長期保有で利益拡大
130,小田急電鉄,9007.T,陸運業,1617.5,0.40473451369679747,-,+0 (中立),-,44.838102971199305,下落の勢い加速,長期(60日),長期的な成長に期待
131,丸一鋼管,5463.T,鉄鋼,1804.5,0.4043970467610938,-,+5 (強い),-,66.78325295644727,上昇の勢い加速,長期(60日),パーフェクトオーダー、強い上昇トレンド
132,近鉄グループホールディングス,9041.T,陸運業,3587.0,0.40414378783961663,-,+1 (中立),-,61.63769114777382,下落の勢い加速,長期(60日),パーフェクトオーダー、強い上昇トレンド
133,ダイセル,4202.T,化学,1334.0,0.40410866577753274,-,+3 (やや強い),-,60.284547343310194,上昇の勢い加速,長期(60日),トレンドが明確、長期保有で利益拡大
134,アイシン,7259.T,輸送機器,2413.5,0.4031977357223452,-,+4 (強い),-,55.214726864597786,上昇の勢い加速,長期(60日),パーフェクトオーダー、強い上昇トレンド
135,住友ベークライト,4203.T,化学,6900.0,0.40304913086078586,-,+5 (強い),-,71.26480610309248,上昇の勢い加速,長期(60日),パーフェクトオーダー、強い上昇トレンド
136,ヤマハ,7951.T,その他製品,1156.0,0.40237794131150395,-,-1 (中立),-,55.00528525828496,上昇の勢い加速,長期(60日),長期的な成長に期待
137,長瀬産業,8012.T,卸売業,1125.5,0.4012911118519975,-,-4 (弱い),-,43.88095825563074,下落止まりつつある,長期(60日),長期的な成長に期待
138,出光興産,5019.T,石油・石炭製品,1398.5,0.39961791489210824,-,+0 (中立),-,52.80205773287868,上昇の勢い加速,長期(60日),トレンドが明確、長期保有で利益拡大
139,LINEヤフー,4689.T,情報・通信業,417.3,0.39918732360069104,-,-3 (やや弱い),-,51.836960073967376,下落の勢い加速,長期(60日),長期的な成長に期待
140,東ソー,4042.T,化学,2750.0,0.39909531823916816,-,+5 (強い),-,64.61966155913265,上昇の勢い加速,長期(60日),パーフェクトオーダー、強い上昇トレンド
141,ミライト・ワン,1417.T,建設業,3933.0,0.3989734649061163,-,-3 (やや弱い),-,50.95897548731968,下落の勢い加速,長期(60日),長期的な成長に期待
142,かんぽ生命保険,7181.T,保険業,1429.5,0.3989133775484699,-,-3 (やや弱い),-,38.677354111517346,下落の勢い加速,長期(60日),長期的な成長に期待
143,TOTO,5332.T,ガラス・土石製品,7678.0,0.39864332773236466,-,+4 (強い),-,70.77323363796066,上昇の勢い加速,長期(60日),パーフェクトオーダー、強い上昇トレンド
144,富士通,6702.T,電気機器,3368.0,0.3969631450808879,-,+4 (強い),-,48.60018957470912,上昇の勢い加速,長期(60日),長期的な成長に期待
145,信越化学工業,4063.T,化学,7758.0,0.39687627033748807,-,+4 (強い),-,67.01850973135242,上昇の勢い加速,長期(60日),パーフェクトオーダー、強い上昇トレンド
146,セイノーホールディングス,9076.T,陸運業,2724.0,0.39608741710562223,-,+5 (強い),-,72.55565569471618,上昇の勢い加速,長期(60日),パーフェクトオーダー、強い上昇トレンド
147,ブリヂストン,5108.T,ゴム製品,3443.0,0.3953834708258091,-,+3 (やや強い),-,59.28137591061808,上昇の勢い加速,長期(60日),長期的な成長に期待
148,東レ,3402.T,繊維製品,1192.0,0.3952845292264724,-,+3 (やや強い),-,62.07081109805939,上昇の勢い加速,長期(60日),長期的な成長に期待
149,五洋建設,1893.T,建設業,1778.5,0.39495336371134726,-,-4 (弱い),-,48.27269156754138,下落の勢い加速,長期(60日),長期的な成長に期待
150,ローム,6963.T,電気機器,5458.0,0.39485540224507987,-,+3 (やや強い),-,82.07470189888537,上昇の勢い加速,長期(60日),パーフェクトオーダー、強い上昇トレンド
151,日産自動車,7201.T,輸送機器,396.8,0.39481138450664977,-,+4 (強い),-,66.51817919963459,上昇の勢い加速,長期(60日),パーフェクトオーダー、強い上昇トレンド
152,ADEKA,4401.T,化学,4292.0,0.39454127583857607,-,+6 (強い),-,59.2707530925666,上昇の勢い加速,長期(60日),パーフェクトオーダー、強い上昇トレンド
153,日本電子,6951.T,電気機器,7114.0,0.39437319093863027,-,+5 (強い),-,62.51151043743183,上昇の勢い加速,長期(60日),パーフェクトオーダー、強い上昇トレンド
154,安川電機,6506.T,電気機器,7208.0,0.3934998207184197,-,+5 (強い),-,65.22551077001589,上昇の勢い加速,長期(60日),パーフェクトオーダー、強い上昇トレンド
155,エア・ウォーター,4088.T,化学,2599.0,0.39288829154639526,-,+4 (強い),-,68.12692027188466,上昇の勢い加速,長期(60日),パーフェクトオーダー、強い上昇トレンド
156,ミネベアミツミ,6479.T,電気機器,4562.0,0.39215942307473084,-,+3 (やや強い),-,79.00379569913598,上昇の勢い加速,長期(60日),パーフェクトオーダー、強い上昇トレンド
157,メルカリ,4385.T,サービス業,4239.0,0.3908038671018903,-,+0 (中立),-,58.85673878115525,下落の勢い加速,長期(60日),パーフェクトオーダー、強い上昇トレンド
158,ニコン,7731.T,精密機器,1844.5,0.38992744191252293,-,-2 (やや弱い),-,42.79060755249171,下落の勢い加速,長期(60日),長期的な成長に期待
159,CKD,6407.T,機械,6560.0,0.38953021864031406,-,+2 (やや強い),-,56.00271773976819,下落の勢い加速,長期(60日),パーフェクトオーダー、強い上昇トレンド
160,ENEOSホールディングス,5020.T,石油・石炭製品,1305.5,0.38944541776427155,-,-5 (弱い),-,45.305804853920705,下落の勢い加速,長期(60日),長期的な成長に期待
161,ふくおかフィナンシャルグループ,8354.T,銀行業,6556.0,0.38902754836471454,-,+0 (中立),-,51.36303537540306,下落の勢い加速,長期(60日),パーフェクトオーダー、強い上昇トレンド
162,日本マイクロニクス,6871.T,電気機器,14740.0,0.38884513137882887,-,+1 (中立),-,53.643042298420475,下落の勢い加速,長期(60日),パーフェクトオーダー、強い上昇トレンド
163,岩谷産業,8088.T,卸売業,2016.0,0.38780194318367656,-,+5 (強い),-,51.22594936234217,上昇の勢い加速,長期(60日),パーフェクトオーダー、強い上昇トレンド
164,朝日インテック,7747.T,精密機器,3766.0,0.38749519919831893,-,+4 (強い),-,66.92252532642274,上昇の勢い加速,長期(60日),パーフェクトオーダー、強い上昇トレンド
165,クラレ,3405.T,化学,1640.5,0.38719657785823336,-,-2 (やや弱い),-,51.03922553976938,上昇の勢い加速,長期(60日),長期的な成長に期待
166,太平洋セメント,5233.T,ガラス・土石製品,4530.0,0.387113748075497,-,+4 (強い),-,74.11225741529321,上昇の勢い加速,長期(60日),パーフェクトオーダー、強い上昇トレンド
167,キッコーマン,2801.T,食料品,1393.0,0.38460258004702996,-,-4 (弱い),-,44.09355865271889,下落の勢い加速,長期(60日),長期的な成長に期待
168,コーエーテクモホールディングス,3635.T,情報・通信業,1481.0,0.3844256226175316,-,+0 (中立),-,38.22670891452923,上昇の勢い加速,長期(60日),長期的な成長に期待
169,JFEホールディングス,5411.T,鉄鋼,1700.5,0.3838028239336187,-,-1 (中立),-,48.49203636391001,上昇の勢い加速,長期(60日),長期的な成長に期待
170,サイバーエージェント,4751.T,情報・通信業,1293.5,0.3829056342179578,-,+3 (やや強い),-,47.016826043309955,上昇の勢い加速,長期(60日),長期的な成長に期待
171,山九,9065.T,陸運業,8979.0,0.38248287665748054,-,+3 (やや強い),-,52.812018125685114,上昇の勢い加速,長期(60日),長期的な成長に期待
172,中部電力,9502.T,電力・ガス業,2925.0,0.3821811566630524,-,+5 (強い),-,62.69120926594962,上昇の勢い加速,長期(60日),パーフェクトオーダー、強い上昇トレンド
173,東洋製罐グループホールディングス,5901.T,その他製品,3890.0,0.3812603465269637,-,+6 (強い),-,56.698465452558544,上昇の勢い加速,長期(60日),パーフェクトオーダー、強い上昇トレンド
174,豊田合成,7282.T,輸送機器,4827.0,0.38096092262435327,-,+5 (強い),-,63.0895360467353,上昇の勢い加速,長期(60日),パーフェクトオーダー、強い上昇トレンド
175,東京きらぼしフィナンシャルグループ,7173.T,銀行業,11500.0,0.38085447473705913,-,+2 (やや強い),-,54.506187004717916,上昇の勢い加速,長期(60日),長期的な成長に期待
176,THK,6481.T,電気機器,7640.0,0.3808430702612625,-,+1 (中立),-,68.60381928035434,下落の勢い加速,長期(60日),パーフェクトオーダー、強い上昇トレンド
177,小糸製作所,7276.T,輸送機器,2797.0,0.37977682530986834,-,+4 (強い),-,60.09665808992268,上昇の勢い鈍化,長期(60日),パーフェクトオーダー、強い上昇トレンド
178,SGホールディングス,9143.T,陸運業,1448.5,0.3795560118893742,-,-2 (やや弱い),-,46.47980227105763,上昇の勢い加速,長期(60日),長期的な成長に期待
179,スズケン,9987.T,卸売業,5285.0,0.3794648010994235,-,+1 (中立),-,40.64802370642659,上昇の勢い加速,長期(60日),トレンドが明確、長期保有で利益拡大
180,サッポロホールディングス,2501.T,食料品,1593.0,0.3790779585585489,-,-4 (弱い),-,38.87455419449413,下落の勢い加速,長期(60日),長期的な成長に期待
181,横浜ゴム,5101.T,ゴム製品,7179.0,0.3788043049132163,-,+4 (強い),-,63.264199976081755,上昇の勢い加速,長期(60日),パーフェクトオーダー、強い上昇トレンド
182,住友商事,8053.T,卸売業,7099.0,0.37716324031593673,-,+3 (やや強い),-,55.75673697884439,下落の勢い加速,長期(60日),パーフェクトオーダー、強い上昇トレンド
183,寿スピリッツ,2222.T,食料品,2085.0,0.37669703521360987,-,+3 (やや強い),-,57.56053869575155,上昇の勢い加速,長期(60日),パーフェクトオーダー、強い上昇トレンド
184,日本航空,9201.T,空運業,2739.5,0.3761636380003355,-,+4 (強い),-,63.54824568042842,上昇の勢い加速,長期(60日),長期的な成長に期待
185,ネクソン,3659.T,情報・通信業,2240.0,0.3757848199888787,-,-2 (やや弱い),-,33.988057840347096,下落の勢い加速,長期(60日),トレンドが明確、長期保有で利益拡大
186,コンコルディア・フィナンシャルグループ,7186.T,銀行業,1623.5,0.3757613214032496,-,+1 (中立),-,56.723800551323194,下落の勢い加速,長期(60日),パーフェクトオーダー、強い上昇トレンド
187,ツルハホールディングス,3391.T,小売業,1971.5,0.37543964621747006,-,-3 (やや弱い),-,41.607248891248595,下落の勢い加速,長期(60日),長期的な成長に期待
188,きんでん,1944.T,建設業,7179.0,0.37443394530869195,-,-3 (やや弱い),-,46.982562711092854,下落の勢い加速,長期(60日),長期的な成長に期待
189,マブチモーター,6592.T,電気機器,1551.5,0.37440374150641675,-,+2 (やや強い),-,45.10691160680758,上昇の勢い加速,長期(60日),長期的な成長に期待
190,あいちフィナンシャルグループ,7389.T,銀行業,1357.0,0.3742552523127295,-,-2 (やや弱い),-,37.806838353650484,下落の勢い加速,長期(60日),長期的な成長に期待
191,リゾートトラスト,4681.T,サービス業,1698.5,0.3735722426915033,-,-4 (弱い),-,41.27182396725239,下落の勢い加速,長期(60日),長期的な成長に期待
192,OKI,6703.T,電気機器,3545.0,0.3708234240565661,-,+5 (強い),-,62.72584264215286,上昇の勢い加速,長期(60日),パーフェクトオーダー、強い上昇トレンド
193,イオン,8267.T,小売業,1391.5,0.3706016845431953,-,+2 (やや強い),-,31.04017344571963,上昇の勢い加速,長期(60日),トレンドが明確、長期保有で利益拡大
194,ハウス食品グループ本社,2810.T,食料品,3417.0,0.36967125240457366,-,+2 (やや強い),-,61.03357522216277,下落の勢い加速,長期(60日),パーフェクトオーダー、強い上昇トレンド
195,ニチアス,5393.T,ガラス・土石製品,3531.0,0.3694000339762412,-,+1 (中立),-,60.18714789025455,下落の勢い加速,長期(60日),パーフェクトオーダー、強い上昇トレンド
196,中国電力,9504.T,電力・ガス業,875.6,0.3691112614651432,-,-1 (中立),-,35.84030684313558,上昇の勢い加速,長期(60日),トレンドが明確、長期保有で利益拡大
197,住友林業,1911.T,木材・木製品,1305.5,0.3688616475640543,-,+0 (中立),-,42.159106454035545,上昇の勢い加速,長期(60日),長期的な成長に期待
198,日本ハム,2282.T,食料品,6106.0,0.3678286618462076,-,+0 (中立),-,40.58987878940076,上昇の勢い加速,長期(60日),長期的な成長に期待
199,セイコーエプソン,6724.T,電気機器,2927.5,0.36752800242901557,-,+3 (やや強い),-,78.2639853200192,上昇の勢い加速,長期(60日),パーフェクトオーダー、強い上昇トレンド
200,第四北越フィナンシャルグループ,7327.T,銀行業,2020.0,0.3673463803832552,-,+1 (中立),-,48.937594977727535,下落の勢い加速,長期(60日),パーフェクトオーダー、強い上昇トレンド
201,三井化学,4183.T,化学,2181.5,0.36724397949561094,-,+5 (強い),-,60.64944543731456,上昇の勢い加速,長期(60日),パーフェクトオーダー、強い上昇トレンド
202,アルプスアルパイン,6770.T,電気機器,2171.0,0.3669681544066373,-,+2 (やや強い),-,47.615038042883825,上昇の勢い加速,長期(60日),長期的な成長に期待
203,東宝,9602.T,情報・通信業,1229.0,0.36434033246208863,-,-2 (やや弱い),-,27.350272809131653,下落の勢い加速,長期(60日),トレンドが明確、長期保有で利益拡大
204,富士フイルムホールディングス,4901.T,化学,3322.0,0.3637496645372681,-,+5 (強い),-,63.520204688408185,上昇の勢い加速,長期(60日),パーフェクトオーダー、強い上昇トレンド
205,良品計画,7453.T,小売業,3883.0,0.3635449431160622,-,+3 (やや強い),-,63.67567604416067,上昇の勢い加速,長期(60日),長期的な成長に期待
206,住友化学,4005.T,化学,610.2,0.36262339524280507,-,+5 (強い),-,64.06385397470022,上昇の勢い加速,長期(60日),パーフェクトオーダー、強い上昇トレンド
207,ダイキン工業,6367.T,電気機器,23285.0,0.36203741074101153,-,-3 (やや弱い),-,51.332464006801885,下落の勢い加速,長期(60日),長期的な成長に期待
208,神戸製鋼所,5406.T,鉄鋼,1980.0,0.36198118539824936,-,+2 (やや強い),-,54.57137170801716,上昇の勢い加速,長期(60日),長期的な成長に期待
209,ビジョナル,4194.T,サービス業,7850.0,0.36137161515372873,-,+4 (強い),-,57.504675032887604,上昇の勢い加速,長期(60日),パーフェクトオーダー、強い上昇トレンド
210,ミスミグループ本社,9962.T,卸売業,3773.0,0.3598824548800213,-,+4 (強い),-,70.67423636866933,上昇の勢い加速,長期(60日),パーフェクトオーダー、強い上昇トレンド
211,ジーエス・ユアサ コーポレーション,6674.T,電気機器,6560.0,0.358883652803733,-,+1 (中立),-,58.54729460804785,下落の勢い加速,長期(60日),パーフェクトオーダー、強い上昇トレンド
212,ダイダン,1980.T,建設業,2650.0,0.3582614039918479,-,-1 (中立),-,48.39461288074021,上昇の勢い加速,長期(60日),長期的な成長に期待
213,ヒューリック,3003.T,不動産業,1699.0,0.35729342026225785,-,-2 (やや弱い),-,41.04338353226429,下落の勢い加速,長期(60日),トレンドが明確、長期保有で利益拡大
214,不二製油グループ本社,2607.T,食料品,3519.0,0.35705798428743396,-,+2 (やや強い),-,52.28255978057112,上昇の勢い加速,長期(60日),長期的な成長に期待
215,竹内製作所,6432.T,機械,6810.0,0.3566506679271996,-,-4 (弱い),-,46.59338296090658,下落の勢い加速,長期(60日),長期的な成長に期待
216,デンカ,4061.T,化学,4477.0,0.35624485790525623,-,+1 (中立),-,68.69966300378499,上昇の勢い加速,長期(60日),トレンドが明確、長期保有で利益拡大
217,ラクス,3923.T,情報・通信業,1006.5,0.35592637361429064,-,+3 (やや強い),-,69.81917812635689,上昇の勢い加速,長期(60日),パーフェクトオーダー、強い上昇トレンド
218,UBE,4208.T,化学,2952.5,0.35491270423124494,-,+5 (強い),-,67.88013982966925,上昇の勢い加速,長期(60日),パーフェクトオーダー、強い上昇トレンド
219,川崎重工業,7012.T,機械,3137.0,0.35473928241848546,-,+2 (やや強い),-,50.267882769436994,上昇の勢い加速,長期(60日),長期的な成長に期待
220,大同特殊鋼,5471.T,鉄鋼,2078.0,0.3543030722358072,-,+2 (やや強い),-,65.86094508548729,上昇の勢い加速,長期(60日),長期的な成長に期待
221,ニチレイ,2871.T,食料品,1822.0,0.3528997764556499,-,-3 (やや弱い),-,41.89532757931765,下落の勢い加速,長期(60日),トレンドが明確、長期保有で利益拡大
222,NOK,7240.T,ゴム製品,2885.0,0.3526976244668881,-,-1 (中立),-,51.42435673547894,上昇の勢い加速,長期(60日),長期的な成長に期待
223,飯田グループホールディングス,3291.T,不動産業,2132.0,0.3523546895106106,-,+1 (中立),-,37.0040207435611,上昇の勢い加速,長期(60日),トレンドが明確、長期保有で利益拡大
224,サンドラッグ,9989.T,小売業,3627.0,0.3523359505933889,-,-3 (やや弱い),-,34.76771712935643,下落の勢い加速,長期(60日),トレンドが明確、長期保有で利益拡大
225,カルビー,2229.T,食料品,2904.0,0.35027306554507703,-,+0 (中立),-,40.905561916033996,上昇の勢い加速,長期(60日),長期的な成長に期待
226,アルフレッサ ホールディングス,2784.T,卸売業,2235.0,0.3502670313779288,-,-3 (やや弱い),-,42.5023601857104,下落の勢い加速,長期(60日),トレンドが明確、長期保有で利益拡大
227,日揮ホールディングス,1963.T,建設業,2728.5,0.3500221443908974,-,+5 (強い),-,57.989074277079446,上昇の勢い加速,長期(60日),パーフェクトオーダー、強い上昇トレンド
228,AGC,5201.T,ガラス・土石製品,6938.0,0.34998716213980924,-,+4 (強い),-,69.9735053082608,上昇の勢い加速,長期(60日),パーフェクトオーダー、強い上昇トレンド
229,トリドールホールディングス,3397.T,小売業,3783.0,0.3463889819245837,-,+1 (中立),-,39.27946299051404,上昇の勢い加速,長期(60日),トレンドが明確、長期保有で利益拡大
230,スカパーJSATホールディングス,9412.T,情報・通信業,4470.0,0.3463165971614753,-,+5 (強い),-,69.05238992436796,上昇の勢い加速,長期(60日),パーフェクトオーダー、強い上昇トレンド
231,東映アニメーション,4816.T,情報・通信業,2366.0,0.34622111214006823,-,-5 (弱い),-,35.380391678261404,下落の勢い加速,長期(60日),長期的な成長に期待
232,日本触媒,4114.T,化学,2064.0,0.3462106488897907,-,+0 (中立),-,41.85916908975345,上昇の勢い加速,長期(60日),トレンドが明確、長期保有で利益拡大
233,デンソー,6902.T,輸送機器,1908.0,0.34601105773972335,-,-2 (やや弱い),-,52.8728180406801,上昇の勢い加速,長期(60日),長期的な成長に期待
234,アズビル,6845.T,電気機器,1662.5,0.34569020186021204,-,+3 (やや強い),-,75.21525817317846,上昇の勢い加速,長期(60日),パーフェクトオーダー、強い上昇トレンド
235,アステラス製薬,4503.T,医薬品,2283.0,0.345535097013116,-,-4 (弱い),-,46.45935709637617,下落の勢い加速,長期(60日),長期的な成長に期待
236,ファナック,6954.T,電気機器,7892.0,0.3444347880652271,-,+2 (やや強い),-,57.244186471326806,下落の勢い加速,長期(60日),パーフェクトオーダー、強い上昇トレンド
237,SBIホールディングス,8473.T,証券・商品先物取引業,2910.0,0.3443237100016573,-,-3 (やや弱い),-,37.9802810243193,下落の勢い加速,長期(60日),長期的な成長に期待
238,安藤・間,1719.T,建設業,1801.5,0.3438311601925022,-,-4 (弱い),-,42.2892051848368,下落の勢い加速,長期(60日),トレンドが明確、長期保有で利益拡大
239,ワークマン,7564.T,小売業,7980.0,0.3437616113567106,-,+4 (強い),-,65.62306137035168,上昇の勢い加速,長期(60日),パーフェクトオーダー、強い上昇トレンド
240,山口フィナンシャルグループ,8418.T,銀行業,2740.5,0.34300929915532413,-,-3 (やや弱い),-,48.63561045001534,下落の勢い加速,長期(60日),長期的な成長に期待
241,日本マクドナルドホールディングス,2702.T,小売業,7790.0,0.3423972610469981,-,-4 (弱い),-,43.48504191883577,下落の勢い加速,長期(60日),長期的な成長に期待
242,栗田工業,6370.T,機械,8753.0,0.34222809493046913,-,+1 (中立),-,55.755380256369214,下落の勢い加速,長期(60日),パーフェクトオーダー、強い上昇トレンド
243,日清製粉グループ本社,2002.T,食料品,1965.0,0.3414997593569615,-,-4 (弱い),-,43.99228585481662,下落の勢い加速,長期(60日),長期的な成長に期待
244,電通グループ,4324.T,サービス業,3006.0,0.34148364053113806,-,+0 (中立),-,48.000828573854854,下落の勢い加速,長期(60日),パーフェクトオーダー、強い上昇トレンド
245,カカクコム,2371.T,情報・通信業,3340.0,0.34072040919727925,-,+1 (中立),-,68.75232385085363,下落の勢い加速,長期(60日),パーフェクトオーダー、強い上昇トレンド
246,東海カーボン,5301.T,化学,1780.0,0.3406299012601623,-,+3 (やや強い),-,85.49670858551205,上昇の勢い加速,長期(60日),パーフェクトオーダー、強い上昇トレンド
247,ハーモニック・ドライブ・システムズ,6324.T,機械,7800.0,0.3403348855451083,-,+5 (強い),-,68.01178527909697,上昇の勢い加速,長期(60日),パーフェクトオーダー、強い上昇トレンド
248,ローツェ,6323.T,機械,3933.0,0.3402989054444376,-,+1 (中立),-,56.71341417065622,下落の勢い加速,長期(60日),パーフェクトオーダー、強い上昇トレンド
249,戸田建設,1860.T,建設業,1556.5,0.3399167002490204,-,+2 (やや強い),-,63.62699498639079,上昇の勢い加速,長期(60日),長期的な成長に期待
250,ANAホールディングス,9202.T,空運業,2988.5,0.33963242935109267,-,+2 (やや強い),-,65.55144168916273,上昇の勢い加速,長期(60日),長期的な成長に期待
251,FOOD & LIFE COMPANIES,3563.T,小売業,10875.0,0.338850533529949,-,+1 (中立),-,62.24149372951147,下落の勢い加速,長期(60日),パーフェクトオーダー、強い上昇トレンド
252,東急,9005.T,陸運業,1597.0,0.3387563710206409,-,+3 (やや強い),-,31.26462297584385,上昇の勢い加速,長期(60日),トレンドが明確、長期保有で利益拡大
253,日本取引所グループ,8697.T,証券・商品先物取引業,1951.0,0.33861160362742154,-,+2 (やや強い),-,56.74542566298721,上昇の勢い加速,長期(60日),長期的な成長に期待
254,NHKスプリング,5991.T,金属製品,3589.0,0.338395046092802,-,+5 (強い),-,67.30085890015839,上昇の勢い加速,長期(60日),パーフェクトオーダー、強い上昇トレンド
255,三菱電機,6503.T,電気機器,6558.0,0.3372567879549871,-,+5 (強い),-,60.669645532562875,上昇の勢い加速,長期(60日),パーフェクトオーダー、強い上昇トレンド
256,シャープ,6753.T,電気機器,621.5,0.336896091827284,-,+3 (やや強い),-,54.12643023798746,上昇の勢い加速,長期(60日),トレンドが明確、長期保有で利益拡大
257,ニフコ,7988.T,その他製品,4520.0,0.3367214366422403,-,-2 (やや弱い),-,54.00223761763399,上昇の勢い加速,長期(60日),長期的な成長に期待
258,ヤマトホールディングス,9064.T,陸運業,1818.0,0.3365628457297931,-,+2 (やや強い),-,55.88654266018022,上昇の勢い加速,長期(60日),長期的な成長に期待
259,ロート製薬,4527.T,医薬品,2381.0,0.3363515517038481,-,+3 (やや強い),-,44.08136688635789,下落の勢い加速,長期(60日),パーフェクトオーダー、強い上昇トレンド
260,トクヤマ,4043.T,化学,5107.0,0.3358260322941356,-,+4 (強い),-,67.4907645321088,上昇の勢い加速,長期(60日),パーフェクトオーダー、強い上昇トレンド
261,東武鉄道,9001.T,陸運業,2783.0,0.3350410234768807,-,-5 (弱い),-,43.78782379154741,下落の勢い加速,長期(60日),長期的な成長に期待
262,野村総合研究所,4307.T,情報・通信業,5022.0,0.3347803382409048,-,+5 (強い),-,63.85658302941137,上昇の勢い加速,長期(60日),パーフェクトオーダー、強い上昇トレンド
263,ダイフク,6383.T,電気機器,7311.0,0.33436190108278013,-,+1 (中立),-,59.9724557158797,下落の勢い加速,長期(60日),パーフェクトオーダー、強い上昇トレンド
264,中国銀行,5832.T,銀行業,2987.5,0.33420714611507707,-,+0 (中立),-,48.23310683024791,下落の勢い加速,長期(60日),パーフェクトオーダー、強い上昇トレンド
265,スクウェア・エニックス・ホールディングス,9684.T,情報・通信業,2557.5,0.3332469551119933,-,+1 (中立),-,45.67711976291501,下落の勢い加速,長期(60日),パーフェクトオーダー、強い上昇トレンド
266,大塚商会,4768.T,情報・通信業,2889.0,0.33295025903633424,-,-4 (弱い),-,46.02811765915874,下落の勢い加速,長期(60日),長期的な成長に期待
267,三菱ガス化学,4182.T,化学,5545.0,0.331586512859028,-,+4 (強い),-,73.82651196771967,上昇の勢い加速,長期(60日),パーフェクトオーダー、強い上昇トレンド
268,TDK,6762.T,電気機器,4108.0,0.3311179533414345,-,+3 (やや強い),-,82.9480588279996,上昇の勢い加速,長期(60日),パーフェクトオーダー、強い上昇トレンド
269,協和キリン,4151.T,医薬品,2505.0,0.33049401128149286,-,+3 (やや強い),-,60.684855391954166,上昇の勢い加速,長期(60日),長期的な成長に期待
270,九州電力,9508.T,電力・ガス業,1639.0,0.3296931000975738,-,-4 (弱い),-,35.28562183625944,下落の勢い加速,長期(60日),長期的な成長に期待
271,キリンホールディングス,2503.T,食料品,2718.5,0.32943293187866146,-,+5 (強い),-,60.253084831713124,上昇の勢い加速,長期(60日),パーフェクトオーダー、強い上昇トレンド
272,SANKYO,6417.T,機械,1613.5,0.328977688564537,-,+0 (中立),-,23.709512927871884,下落の勢い加速,長期(60日),トレンドが明確、長期保有で利益拡大
273,あおぞら銀行,8304.T,銀行業,2670.5,0.32893914464607366,-,+0 (中立),-,49.45789216381601,下落の勢い加速,長期(60日),パーフェクトオーダー、強い上昇トレンド
274,ヤクルト本社,2267.T,食料品,2681.5,0.32861502255504793,-,-3 (やや弱い),-,46.23806488731914,下落の勢い加速,長期(60日),長期的な成長に期待
275,大成建設,1801.T,建設業,14010.0,0.32800299249073334,-,-4 (弱い),-,40.17335804871548,下落の勢い加速,長期(60日),長期的な成長に期待
276,DMG森精機,6141.T,機械,3445.0,0.32787972917145664,-,+1 (中立),-,59.375229012023496,下落の勢い加速,長期(60日),パーフェクトオーダー、強い上昇トレンド
277,スギホールディングス,7649.T,小売業,2752.5,0.32781294425646257,-,-2 (やや弱い),-,25.10122727673067,下落の勢い加速,長期(60日),トレンドが明確、長期保有で利益拡大
278,リンナイ,5947.T,その他製品,3393.0,0.3270147921679027,-,-4 (弱い),-,39.13726762528439,下落の勢い加速,長期(60日),長期的な成長に期待
279,江崎グリコ,2206.T,食料品,5442.0,0.3263914767041293,-,+1 (中立),-,38.06116840684042,上昇の勢い加速,長期(60日),トレンドが明確、長期保有で利益拡大
280,住友ゴム工業,5110.T,ゴム製品,2081.0,0.3260020002189711,-,+2 (やや強い),-,54.65480204255737,上昇の勢い加速,長期(60日),長期的な成長に期待
281,小松製作所,6301.T,機械,6577.0,0.32580849190518774,-,-1 (中立),-,51.60706997388944,上昇の勢い加速,長期(60日),長期的な成長に期待
282,東日本旅客鉄道,9020.T,陸運業,3412.0,0.3256108565391337,-,-4 (弱い),-,37.4311018807787,下落の勢い加速,長期(60日),長期的な成長に期待
283,森永乳業,2264.T,食料品,4866.0,0.3252365925400438,-,+3 (やや強い),-,56.60895238369976,上昇の勢い加速,長期(60日),トレンドが明確、長期保有で利益拡大
284,オービックビジネスコンサルタント,4733.T,情報・通信業,6117.0,0.32514810062457533,-,-1 (中立),-,47.58092896547693,上昇の勢い加速,長期(60日),長期的な成長に期待
285,FUJI,6134.T,機械,7938.0,0.3245649196569681,-,+5 (強い),-,66.01075282407507,上昇の勢い加速,長期(60日),パーフェクトオーダー、強い上昇トレンド
286,カドカワ,9468.T,情報・通信業,3190.0,0.32431123995447353,-,-4 (弱い),-,36.83774502674277,下落の勢い加速,長期(60日),長期的な成長に期待
287,セコム,9735.T,サービス業,6350.0,0.32403611457833065,-,+7 (非常に強い),-,58.73202597169932,上昇の勢い加速,長期(60日),パーフェクトオーダー、強い上昇トレンド
288,センコーグループホールディングス,9069.T,陸運業,1906.5,0.3225989899808413,-,-3 (やや弱い),-,47.79323759119733,下落の勢い加速,長期(60日),長期的な成長に期待
289,エムスリー,2413.T,情報・通信業,1424.0,0.3216733967476265,-,+4 (強い),-,47.29144321594832,上昇の勢い加速,長期(60日),長期的な成長に期待
290,H2Oリテイリング,8242.T,小売業,2496.0,0.3209072830475855,-,+4 (強い),-,54.084176982961424,上昇の勢い加速,長期(60日),パーフェクトオーダー、強い上昇トレンド
291,明治ホールディングス,2269.T,食料品,3768.0,0.3207087373590041,-,+3 (やや強い),-,52.81113920362006,上昇の勢い加速,長期(60日),長期的な成長に期待
292,牧野フライス製作所,6135.T,機械,13240.0,0.3202711892233281,-,-3 (やや弱い),-,55.77083652885045,下落の勢い加速,長期(60日),トレンドが明確、長期保有で利益拡大
293,マクニカホールディングス,3132.T,卸売業,3110.0,0.3201486960875997,-,+2 (やや強い),-,59.88085022260922,下落の勢い加速,長期(60日),パーフェクトオーダー、強い上昇トレンド
294,日本電気硝子,5214.T,ガラス・土石製品,6532.0,0.31936402833729605,-,-2 (やや弱い),-,40.523564216281684,下落の勢い加速,長期(60日),長期的な成長に期待
295,石油資源開発,1662.T,鉱業,1789.0,0.31830334809607663,-,-2 (やや弱い),-,32.07574229127587,下落の勢い加速,長期(60日),トレンドが明確、長期保有で利益拡大
296,トレンドマイクロ,4704.T,情報・通信業,6010.0,0.3180997111237415,-,+5 (強い),-,55.18183819888556,上昇の勢い加速,長期(60日),パーフェクトオーダー、強い上昇トレンド
297,コスモス薬品,3349.T,小売業,6012.0,0.3175144856716281,-,-4 (弱い),-,42.91336321501777,下落の勢い加速,長期(60日),長期的な成長に期待
298,キユーピー,2809.T,食料品,4027.0,0.31723212633947484,-,-2 (やや弱い),-,45.53842635803712,下落の勢い加速,長期(60日),長期的な成長に期待
299,島津製作所,7701.T,精密機器,3775.0,0.31695727572453225,-,+4 (強い),-,53.42864243221021,上昇の勢い加速,長期(60日),長期的な成長に期待
300,アシックス,7936.T,その他製品,4843.0,0.3169412076225956,-,+4 (強い),-,60.799239962269915,上昇の勢い加速,長期(60日),パーフェクトオーダー、強い上昇トレンド
301,日本空港ビルデング,9706.T,不動産業,4832.0,0.3167004045990987,-,-5 (弱い),-,39.066191585810714,下落の勢い加速,長期(60日),長期的な成長に期待
302,キヤノンマーケティングジャパン,8060.T,卸売業,3562.0,0.3158081574827277,-,-2 (やや弱い),-,43.45095683388603,下落の勢い加速,長期(60日),長期的な成長に期待
303,京成電鉄,9009.T,陸運業,1091.0,0.3157372763957433,-,-1 (中立),-,45.31471205063582,上昇の勢い加速,長期(60日),トレンドが明確、長期保有で利益拡大
304,カシオ計算機,6952.T,電気機器,1789.5,0.31383477846661045,-,+4 (強い),-,65.73453261465363,上昇の勢い加速,長期(60日),パーフェクトオーダー、強い上昇トレンド
305,ユニ・チャーム,8113.T,化学,948.2,0.31373801471142904,-,-2 (やや弱い),-,52.12429506474908,上昇の勢い加速,長期(60日),長期的な成長に期待
306,ソシオネクスト,6526.T,電気機器,2635.0,0.31353807915657017,-,+6 (強い),-,60.879811275019954,上昇の勢い加速,長期(60日),パーフェクトオーダー、強い上昇トレンド
307,キヤノン,7751.T,電気機器,4228.0,0.31345258017353317,-,+3 (やや強い),-,49.99923537791875,上昇の勢い加速,長期(60日),長期的な成長に期待
308,シスメックス,6869.T,精密機器,1397.0,0.3127832751909645,-,+3 (やや強い),-,52.94780948426728,上昇の勢い加速,長期(60日),長期的な成長に期待
309,フクダ電子,6960.T,電気機器,11670.0,0.31275522573261255,-,+6 (強い),-,63.673263505228036,上昇の勢い加速,長期(60日),パーフェクトオーダー、強い上昇トレンド
310,ほくほくフィナンシャルグループ,8377.T,銀行業,6456.0,0.31262297246767,-,+0 (中立),-,52.35162098682038,下落の勢い加速,長期(60日),パーフェクトオーダー、強い上昇トレンド
311,全国保証,7164.T,その他金融業,2967.0,0.3126191179702564,-,-4 (弱い),-,37.60711692279286,下落の勢い加速,長期(60日),トレンドが明確、長期保有で利益拡大
312,大日本印刷,7912.T,その他製品,2770.5,0.3123071915361373,-,-3 (やや弱い),-,43.364621582855804,下落の勢い加速,長期(60日),長期的な成長に期待
313,関西電力,9503.T,電力・ガス業,2335.5,0.31049795636468286,-,+1 (中立),-,45.27349187131202,上昇の勢い加速,長期(60日),トレンドが明確、長期保有で利益拡大
314,三菱自動車工業,7211.T,輸送機器,371.5,0.31005402544906174,-,+7 (非常に強い),-,56.977310118340185,上昇の勢い加速,長期(60日),パーフェクトオーダー、強い上昇トレンド
315,西日本フィナンシャルホールディングス,7189.T,銀行業,3953.0,0.3091631190710857,-,-3 (やや弱い),-,44.68995925839561,下落の勢い加速,長期(60日),長期的な成長に期待
316,UACJ,5741.T,非鉄金属,3320.0,0.3089097330603863,-,+5 (強い),-,61.1027982483093,上昇の勢い加速,長期(60日),パーフェクトオーダー、強い上昇トレンド
317,メディパルホールディングス,7459.T,卸売業,2747.0,0.3084876658498829,-,-4 (弱い),-,43.528365656751525,下落の勢い加速,長期(60日),長期的な成長に期待
318,ブルーイノベーション,417A.T,情報・通信業,1731.0,0.3084296747516332,-,-3 (やや弱い),-,44.51466225699862,下落止まりつつある,長期(60日),長期的な成長に期待
319,コムシスホールディングス,1721.T,建設業,5429.0,0.3077896616947391,-,-3 (やや弱い),-,49.36417684351552,下落の勢い加速,長期(60日),長期的な成長に期待
320,セブン&アイ・ホールディングス,3382.T,小売業,1859.5,0.3072058790179487,-,+1 (中立),-,41.34756627657205,上昇の勢い加速,長期(60日),長期的な成長に期待
321,カプコン,9697.T,情報・通信業,3016.0,0.30700409396487893,-,-3 (やや弱い),-,37.262548650117154,下落の勢い加速,長期(60日),長期的な成長に期待
322,エービーシー・マート,2670.T,小売業,2632.0,0.30688716774498964,-,-4 (弱い),-,46.3880330084931,下落の勢い加速,長期(60日),長期的な成長に期待
323,MonotaRO,3064.T,情報・通信業,1889.0,0.30671738850762076,-,+5 (強い),-,50.94660316370223,上昇の勢い加速,長期(60日),パーフェクトオーダー、強い上昇トレンド
324,BIPROGY,8056.T,情報・通信業,4588.0,0.3062132741817131,-,+2 (やや強い),-,48.13355805878924,上昇の勢い加速,長期(60日),長期的な成長に期待
325,コカ・コーラ ボトラーズジャパンホールディングス,2579.T,食料品,3537.0,0.3052922658485702,-,+3 (やや強い),-,55.11268469620184,上昇の勢い加速,長期(60日),長期的な成長に期待
326,いよぎんホールディングス,5830.T,銀行業,3054.0,0.3036968218055,-,-4 (弱い),-,46.59974580966998,下落の勢い加速,長期(60日),長期的な成長に期待
327,アルバック,6728.T,電気機器,9504.0,0.3036034506445929,-,-4 (弱い),-,47.0490339926655,下落の勢い加速,長期(60日),長期的な成長に期待
328,TIS,3626.T,情報・通信業,3381.0,0.3035370072859146,-,-2 (やや弱い),-,44.937077881800846,下落の勢い加速,長期(60日),長期的な成長に期待
329,京都フィナンシャルグループ,5844.T,銀行業,4419.0,0.3030341427929908,-,+1 (中立),-,50.72163807844906,下落の勢い加速,長期(60日),パーフェクトオーダー、強い上昇トレンド
330,エクシオグループ,1951.T,建設業,2846.0,0.302620342537974,-,-4 (弱い),-,51.18855608322073,下落の勢い加速,長期(60日),長期的な成長に期待
331,三機工業,1961.T,建設業,2316.0,0.30158769930234836,-,-4 (弱い),-,46.29268208864439,下落の勢い加速,長期(60日),長期的な成長に期待
332,TBSホールディングス,9401.T,情報・通信業,5809.0,0.3015099751978655,-,+1 (中立),-,50.48524496126169,下落の勢い加速,長期(60日),パーフェクトオーダー、強い上昇トレンド
333,日本酸素ホールディングス,4091.T,化学,6184.0,0.30067391704525676,-,+5 (強い),-,55.79503327249362,上昇の勢い加速,長期(60日),パーフェクトオーダー、強い上昇トレンド
334,明電舎,6508.T,電気機器,10070.0,0.2988486071918987,-,+2 (やや強い),-,54.23058579535509,下落の勢い加速,長期(60日),パーフェクトオーダー、強い上昇トレンド
335,阪急阪神ホールディングス,9042.T,陸運業,4683.0,0.2981138931411989,-,-2 (やや弱い),-,52.710612641271766,下落の勢い加速,長期(60日),長期的な成長に期待
336,ALSOK,2331.T,サービス業,1126.0,0.29788586207617745,-,+4 (強い),-,39.74447450095069,上昇の勢い加速,長期(60日),長期的な成長に期待
337,太陽ホールディングス,4626.T,化学,4962.0,0.2970086461256541,-,+2 (やや強い),-,57.49195473300116,上昇の勢い加速,長期(60日),長期的な成長に期待
338,マキタ,6586.T,電気機器,5534.0,0.2958305830696056,-,-4 (弱い),-,45.7081901657664,下落の勢い加速,長期(60日),長期的な成長に期待
339,東洋水産,2875.T,食料品,11160.0,0.29548532136562655,-,+3 (やや強い),-,60.22314165227965,上昇の勢い加速,長期(60日),長期的な成長に期待
340,鹿島建設,1812.T,建設業,5907.0,0.2953911394965773,-,-6 (弱い),-,49.15984407008314,下落の勢い加速,長期(60日),長期的な成長に期待
341,SUBARU,7270.T,輸送機器,2442.0,0.29520384851750775,-,+4 (強い),-,48.4101657008,上昇の勢い加速,長期(60日),長期的な成長に期待
342,電源開発,9513.T,電力・ガス業,4017.0,0.2951162305211632,-,-3 (やや弱い),-,48.056530486580364,下落の勢い加速,長期(60日),長期的な成長に期待
343,三井住友トラスト・ホールディングス,8309.T,銀行業,5474.0,0.2945033319949085,-,+1 (中立),-,49.172391674652225,下落の勢い加速,長期(60日),パーフェクトオーダー、強い上昇トレンド
344,荏原製作所,6361.T,機械,5683.0,0.29375533712632645,-,+1 (中立),-,57.19780613128891,下落の勢い加速,長期(60日),パーフェクトオーダー、強い上昇トレンド
345,楽天銀行,5838.T,銀行業,4653.0,0.2935428902180518,-,-3 (やや弱い),-,29.842030342209966,下落の勢い加速,長期(60日),長期的な成長に期待
346,バンダイナムコホールディングス,7832.T,その他製品,3641.0,0.29333032407398324,-,+1 (中立),-,43.06834714302506,上昇の勢い加速,長期(60日),長期的な成長に期待
347,パーク24,4666.T,サービス業,1856.5,0.2925304099198784,-,+3 (やや強い),-,51.89235553202359,上昇の勢い加速,長期(60日),長期的な成長に期待
348,Jフロント リテイリング,3086.T,小売業,2168.0,0.2925194726768111,-,-4 (弱い),-,37.081470432512546,下落の勢い加速,長期(60日),トレンドが明確、長期保有で利益拡大
349,三和ホールディングス,5929.T,金属製品,3645.0,0.29143938959645926,-,-2 (やや弱い),-,57.82136701011303,上昇の勢い加速,長期(60日),長期的な成長に期待
350,小林製薬,4967.T,医薬品,5852.0,0.2908717811872243,-,-4 (弱い),-,51.29753030469764,下落の勢い加速,長期(60日),長期的な成長に期待
351,七十七銀行,8341.T,銀行業,3154.0,0.29062191154996453,-,+4 (強い),-,49.50788976586365,上昇の勢い加速,長期(60日),パーフェクトオーダー、強い上昇トレンド
352,オムロン,6645.T,電気機器,5744.0,0.2905758633249729,-,-3 (やや弱い),-,57.71047929727224,下落の勢い加速,長期(60日),長期的な成長に期待
353,第一三共,4568.T,医薬品,2700.5,0.29047715795637385,-,+4 (強い),-,50.45422219815623,上昇の勢い加速,長期(60日),長期的な成長に期待
354,フェローテックホールディングス,6890.T,電気機器,8690.0,0.29030499459829007,-,-2 (やや弱い),-,54.387950273573324,下落の勢い加速,長期(60日),トレンドが明確、長期保有で利益拡大
355,フジ・メディア・ホールディングス,4676.T,情報・通信業,3774.0,0.28919970260497596,-,-4 (弱い),-,44.834405591693354,下落の勢い加速,長期(60日),トレンドが明確、長期保有で利益拡大
356,DOWAホールディングス,5714.T,非鉄金属,10300.0,0.28880596058419655,-,+1 (中立),-,50.0852293946979,下落の勢い加速,長期(60日),パーフェクトオーダー、強い上昇トレンド
357,西武ホールディングス,9024.T,陸運業,2819.5,0.28838209202143045,-,-1 (中立),-,23.049933788352362,下落の勢い加速,長期(60日),トレンドが明確、長期保有で利益拡大
358,日立製作所,6501.T,電気機器,5166.0,0.2883379885565566,-,+5 (強い),-,57.58357379184749,上昇の勢い加速,長期(60日),パーフェクトオーダー、強い上昇トレンド
359,高砂熱学工業,1969.T,建設業,4729.0,0.2862851564625741,-,+3 (やや強い),-,58.34754130170936,上昇の勢い加速,長期(60日),長期的な成長に期待
360,東邦ガス,9533.T,電力・ガス業,1230.0,0.28616089088501795,-,-1 (中立),-,41.720826779740406,下落の勢い加速,長期(60日),長期的な成長に期待
361,セガサミーホールディングス,6460.T,サービス業,2310.5,0.2853139498920239,-,+3 (やや強い),-,48.93496159748656,上昇の勢い加速,長期(60日),長期的な成長に期待
362,コーセー,4922.T,化学,5606.0,0.285150362375848,-,-1 (中立),-,54.342202540962965,上昇の勢い加速,長期(60日),長期的な成長に期待
363,楽天グループ,4755.T,情報・通信業,745.3,0.2849165511478689,-,-5 (弱い),-,43.72569692087824,下落の勢い加速,長期(60日),長期的な成長に期待
364,関電工,1942.T,建設業,6538.0,0.28476276223863173,-,-3 (やや弱い),-,51.18534792674716,下落の勢い加速,長期(60日),長期的な成長に期待
365,長谷工コーポレーション,1808.T,建設業,2712.5,0.2843039168472359,-,-1 (中立),-,45.20143603617655,上昇の勢い加速,長期(60日),長期的な成長に期待
366,浜松ホトニクス,6965.T,精密機器,2863.0,0.28099773297931374,-,+5 (強い),-,66.11162794822103,上昇の勢い加速,長期(60日),パーフェクトオーダー、強い上昇トレンド
367,東京応化工業,4186.T,化学,11010.0,0.2807143506287376,-,+2 (やや強い),-,58.58371325163898,下落の勢い加速,長期(60日),パーフェクトオーダー、強い上昇トレンド
368,住友重機械工業,6302.T,機械,5222.0,0.28050111484852325,-,+1 (中立),-,47.58895899873414,下落の勢い加速,長期(60日),パーフェクトオーダー、強い上昇トレンド
369,TOYO TIRE,5105.T,ゴム製品,3791.0,0.2798140576579984,-,-1 (中立),-,51.49919508012518,上昇の勢い加速,長期(60日),長期的な成長に期待
370,ニトリホールディングス,9843.T,小売業,2618.5,0.27912145264465144,-,+3 (やや強い),-,62.6063296508677,上昇の勢い加速,長期(60日),長期的な成長に期待
371,博報堂DYホールディングス,2433.T,サービス業,1119.0,0.2789282052006457,-,+1 (中立),-,51.548076661401,下落の勢い加速,長期(60日),パーフェクトオーダー、強い上昇トレンド
372,INPEX,1605.T,鉱業,3604.0,0.27873909399726343,-,-3 (やや弱い),-,33.56422047704572,下落の勢い加速,長期(60日),長期的な成長に期待
373,ディー・エヌ・エー,2432.T,情報・通信業,2663.0,0.2781817125947684,-,+0 (中立),-,49.54981344853662,下落の勢い加速,長期(60日),パーフェクトオーダー、強い上昇トレンド
374,IHI,7013.T,機械,2766.5,0.2779406485671245,-,+4 (強い),-,43.67713406884072,上昇の勢い加速,長期(60日),長期的な成長に期待
375,九電工,1959.T,建設業,9323.0,0.27523637716684496,-,-2 (やや弱い),-,50.84702700660695,上昇の勢い加速,長期(60日),長期的な成長に期待
376,しまむら,8227.T,小売業,3292.0,0.27402484738717314,-,+2 (やや強い),-,54.85676886545611,上昇の勢い加速,長期(60日),長期的な成長に期待
377,ナブテスコ,6268.T,機械,5533.0,0.27362881466525685,-,+2 (やや強い),-,57.96835585434304,下落の勢い加速,長期(60日),パーフェクトオーダー、強い上昇トレンド
378,丸井グループ,8252.T,小売業,2728.0,0.27349738997589584,-,-2 (やや弱い),-,34.6624274561149,下落の勢い加速,長期(60日),トレンドが明確、長期保有で利益拡大
379,サントリー食品インターナショナル,2587.T,食料品,4329.0,0.27347977686577785,-,+0 (中立),-,48.49307629301991,上昇の勢い加速,長期(60日),長期的な成長に期待
380,上組,9364.T,倉庫・運輸関連業,4742.0,0.2732052533015738,-,-2 (やや弱い),-,27.145819639577567,下落の勢い加速,長期(60日),トレンドが明確、長期保有で利益拡大
381,リガク・ホールディングス,268A.T,精密機器,2807.0,0.27204639461029617,-,-3 (やや弱い),-,56.76448328512843,下落の勢い加速,長期(60日),トレンドが明確、長期保有で利益拡大
382,シマノ,7309.T,精密機器,16505.0,0.2718851791262793,-,-4 (弱い),-,45.67879769667299,下落の勢い加速,長期(60日),長期的な成長に期待
383,トライアルホールディングス,141A.T,小売業,2865.0,0.271876790725512,-,-2 (やや弱い),-,32.33374410925606,下落の勢い加速,長期(60日),トレンドが明確、長期保有で利益拡大
384,メタプラネット,3350.T,情報・通信業,291.0,0.27108284214233813,-,-5 (弱い),-,41.51281750556981,下落の勢い加速,長期(60日),長期的な成長に期待
385,積水ハウス,1928.T,建設業,3353.0,0.2708154732894822,-,+0 (中立),-,42.39417965881261,上昇の勢い加速,長期(60日),長期的な成長に期待
386,小野薬品工業,4528.T,医薬品,2392.5,0.27067930094502246,-,-5 (弱い),-,45.6122314567167,下落の勢い加速,長期(60日),長期的な成長に期待
387,日清食品ホールディングス,2897.T,食料品,2676.0,0.269521148820103,-,+1 (中立),-,41.11823081388144,上昇の勢い加速,長期(60日),トレンドが明確、長期保有で利益拡大
388,花王,4452.T,化学,6115.0,0.2690378407172175,-,+3 (やや強い),-,57.79133565649704,上昇の勢い加速,長期(60日),長期的な成長に期待
389,住友不動産,8830.T,不動産業,3717.0,0.26877767740016434,-,-2 (やや弱い),-,32.077962673910804,下落の勢い加速,長期(60日),トレンドが明確、長期保有で利益拡大
390,エーザイ,4523.T,医薬品,3984.0,0.2678916442808742,-,-2 (やや弱い),-,27.775782964511833,下落の勢い加速,長期(60日),トレンドが明確、長期保有で利益拡大
391,フジクラ,5803.T,非鉄金属,4771.0,0.2673389752236093,-,-2 (やや弱い),-,42.53557178139418,下落の勢い加速,長期(60日),長期的な成長に期待
392,清水建設,1803.T,建設業,2681.5,0.2671142062720795,-,-5 (弱い),-,44.47756733893318,下落の勢い加速,長期(60日),長期的な成長に期待
393,関西ペイント,4613.T,化学,2450.5,0.266377839534811,-,+3 (やや強い),-,61.597653723942265,上昇の勢い加速,長期(60日),長期的な成長に期待
394,横河電機,6841.T,電気機器,5001.0,0.26448180389396087,-,-6 (弱い),-,46.76249584428373,下落の勢い加速,長期(60日),長期的な成長に期待
395,日東電工,6988.T,化学,2990.5,0.2628812652283819,-,+3 (やや強い),-,41.679207115579075,上昇の勢い加速,長期(60日),長期的な成長に期待
396,大東建託,1878.T,建設業,3172.0,0.26282310633706973,-,-2 (やや弱い),-,21.877458362393398,下落の勢い加速,長期(60日),トレンドが明確、長期保有で利益拡大
397,マツキヨココカラ&カンパニー,3088.T,小売業,2270.5,0.26250386843825135,-,+1 (中立),-,46.821793136454346,上昇の勢い加速,長期(60日),トレンドが明確、長期保有で利益拡大
398,日油,4403.T,化学,2795.0,0.26229153367168534,-,-4 (弱い),-,38.602450345970475,下落の勢い加速,長期(60日),長期的な成長に期待
399,ニデック,6594.T,電気機器,2792.0,0.26224284673444503,-,+5 (強い),-,59.03320938059265,上昇の勢い加速,長期(60日),パーフェクトオーダー、強い上昇トレンド
400,PALTAC,8283.T,卸売業,6630.0,0.26201007990513187,-,+4 (強い),-,89.29040458076892,上昇の勢い加速,長期(60日),パーフェクトオーダー、強い上昇トレンド
401,USS,4732.T,サービス業,1757.5,0.26176706642588865,-,+4 (強い),-,53.2958024725619,上昇の勢い加速,長期(60日),パーフェクトオーダー、強い上昇トレンド
402,YTL,1773.T,建設業,80.0,0.2611952691909122,-,-2 (やや弱い),-,45.453137189063504,上昇の勢い鈍化,長期(60日),トレンドが明確、長期保有で利益拡大
403,豊田自動織機,6201.T,機械,20450.0,0.26037164696001547,-,+0 (中立),-,51.307634400281984,下落の勢い加速,長期(60日),長期的な成長に期待
404,ベイカレント・コンサルティング,6532.T,サービス業,5616.0,0.25936487178897877,-,+5 (強い),-,55.238407123921924,上昇の勢い加速,長期(60日),パーフェクトオーダー、強い上昇トレンド
405,SCREENホールディングス,7735.T,電気機器,11120.0,0.25895348792110356,-,+1 (中立),-,53.724294890639804,下落の勢い加速,長期(60日),パーフェクトオーダー、強い上昇トレンド
406,オリエンタルランド,4661.T,サービス業,2295.5,0.2586811588389605,-,+4 (強い),-,50.13127082805087,上昇の勢い加速,長期(60日),トレンドが明確、長期保有で利益拡大
407,HOYA,7741.T,精密機器,27080.0,0.2575019443918242,-,-5 (弱い),-,46.420219831467804,下落の勢い加速,長期(60日),長期的な成長に期待
408,日立建機,6305.T,機械,5199.0,0.25694222068628625,-,-1 (中立),-,45.72334816249456,上昇の勢い加速,長期(60日),トレンドが明確、長期保有で利益拡大
409,日本製鉄,5401.T,鉄鋼,566.6,0.256091905587418,-,+3 (やや強い),-,49.71475517789975,上昇の勢い加速,長期(60日),長期的な成長に期待
410,クスリのアオキホールディングス,3549.T,小売業,3467.0,0.2551721962827059,-,-3 (やや弱い),-,32.47552154153017,下落の勢い加速,長期(60日),長期的な成長に期待
411,日本ペイントホールディングス,4612.T,化学,1056.5,0.2546831158186973,-,+6 (強い),-,60.14774253216529,上昇の勢い加速,長期(60日),パーフェクトオーダー、強い上昇トレンド
412,東京ガス,9531.T,電力・ガス業,6380.0,0.2537062382776857,-,-4 (弱い),-,39.900763170843334,下落の勢い加速,長期(60日),トレンドが明確、長期保有で利益拡大
413,東京建物,8804.T,不動産業,3269.0,0.2535129959467073,-,+0 (中立),-,44.187152205493604,上昇の勢い加速,長期(60日),トレンドが明確、長期保有で利益拡大
414,資生堂,4911.T,化学,2810.5,0.252484027983482,-,-4 (弱い),-,42.25502222417384,下落の勢い加速,長期(60日),トレンドが明確、長期保有で利益拡大
415,クレディセゾン,8253.T,その他金融業,4093.0,0.2503803048864085,-,-4 (弱い),-,39.31861950502714,下落の勢い加速,長期(60日),長期的な成長に期待
416,味の素,2802.T,食料品,5152.0,0.2490925548746314,-,+1 (中立),-,52.106327211325734,下落の勢い加速,長期(60日),パーフェクトオーダー、強い上昇トレンド
417,日鉄ソリューションズ,2327.T,情報・通信業,3485.0,0.24869700765570257,-,+0 (中立),-,40.50794252480628,上昇の勢い鈍化,長期(60日),トレンドが明確、長期保有で利益拡大
418,大栄環境,9336.T,サービス業,3935.0,0.2479023650409103,-,+1 (中立),-,48.01557099947086,下落の勢い加速,長期(60日),パーフェクトオーダー、強い上昇トレンド
419,塩野義製薬,4507.T,医薬品,3000.0,0.24773909718147796,-,+2 (やや強い),-,40.140004117190145,上昇の勢い加速,長期(60日),トレンドが明確、長期保有で利益拡大
420,富士電機,6504.T,電気機器,15440.0,0.24747237301955305,-,+2 (やや強い),-,56.77931375634001,下落の勢い加速,長期(60日),パーフェクトオーダー、強い上昇トレンド
421,西日本旅客鉄道,9021.T,陸運業,2628.5,0.24716193724280386,-,-1 (中立),-,25.262205733644976,下落止まりつつある,長期(60日),トレンドが明確、長期保有で利益拡大
422,三浦工業,6005.T,機械,3222.0,0.2464071034245265,-,-3 (やや弱い),-,44.480236424036775,下落の勢い加速,長期(60日),長期的な成長に期待
423,上村工業,4966.T,化学,23320.0,0.24487081499427243,-,-3 (やや弱い),-,48.72682289505967,下落の勢い加速,長期(60日),長期的な成長に期待
424,日本テレビホールディングス,9404.T,情報・通信業,2839.5,0.24480914410846366,-,-1 (中立),-,33.81448765541866,下落の勢い加速,長期(60日),トレンドが明確、長期保有で利益拡大
425,大林組,1802.T,建設業,3245.0,0.24436388746644708,-,-5 (弱い),-,37.479699609462834,下落の勢い加速,長期(60日),長期的な成長に期待
426,日本製鋼所,5631.T,機械,7669.0,0.2428927707665374,-,-3 (やや弱い),-,34.36359567932888,下落の勢い加速,長期(60日),長期的な成長に期待
427,GMOインターネットグループ,9449.T,情報・通信業,3285.0,0.24273508183835737,-,+5 (強い),-,54.23858568454239,上昇の勢い加速,長期(60日),パーフェクトオーダー、強い上昇トレンド
428,トヨタ紡織,3116.T,輸送機器,2289.0,0.24268683822106232,-,+0 (中立),-,46.345803387214616,上昇の勢い加速,長期(60日),トレンドが明確、長期保有で利益拡大
429,中外製薬,4519.T,医薬品,7892.0,0.24137599442518867,-,-2 (やや弱い),-,46.006087382724004,上昇の勢い加速,長期(60日),長期的な成長に期待
430,山崎製パン,2212.T,食料品,3132.0,0.2373986750098366,-,-1 (中立),-,43.84609427616736,上昇の勢い加速,長期(60日),長期的な成長に期待
431,すかいらーくホールディングス,3197.T,小売業,2809.5,0.2368483778565845,-,+1 (中立),-,34.80757785510147,上昇の勢い加速,長期(60日),トレンドが明確、長期保有で利益拡大
432,三井海洋開発,6269.T,機械,10040.0,0.23490639385746948,-,-2 (やや弱い),-,27.435891859868505,下落の勢い加速,長期(60日),トレンドが明確、長期保有で利益拡大
433,コスモエネルギーホールディングス,5021.T,石油・石炭製品,3739.0,0.23455093606622957,-,+1 (中立),-,37.35976799118008,上昇の勢い加速,長期(60日),トレンドが明確、長期保有で利益拡大
434,九州旅客鉄道,9142.T,陸運業,3522.0,0.23309728057065265,-,-4 (弱い),-,39.063067142069784,下落の勢い加速,長期(60日),長期的な成長に期待
435,東海旅客鉄道,9022.T,陸運業,3479.0,0.2322864649130274,-,+2 (やや強い),-,29.73443986321432,上昇の勢い加速,長期(60日),トレンドが明確、長期保有で利益拡大
436,ホシザキ,6465.T,機械,5268.0,0.23075913084922278,-,+5 (強い),-,56.19138509732194,上昇の勢い加速,長期(60日),パーフェクトオーダー、強い上昇トレンド
437,三菱地所,8802.T,不動産業,4056.0,0.22928808996020913,-,-3 (やや弱い),-,39.3209295180037,下落の勢い加速,長期(60日),長期的な成長に期待
438,京阪ホールディングス,9045.T,陸運業,3199.0,0.2273798161710149,-,+3 (やや強い),-,49.16123570809492,上昇の勢い加速,長期(60日),長期的な成長に期待
439,ソニーグループ,6758.T,電気機器,3444.0,0.22570388908746042,-,+1 (中立),-,49.82065109098263,下落の勢い加速,長期(60日),パーフェクトオーダー、強い上昇トレンド
440,テレビ朝日ホールディングス,9409.T,情報・通信業,3135.0,0.22494405465020956,-,-1 (中立),-,45.50396172453546,上昇の勢い加速,長期(60日),長期的な成長に期待
441,積水化学工業,4204.T,化学,2291.0,0.22293301174240623,-,+3 (やや強い),-,34.289594076649934,上昇の勢い加速,長期(60日),トレンドが明確、長期保有で利益拡大
442,武蔵精密工業,7220.T,輸送機器,9460.0,0.22006661312424988,-,+3 (やや強い),-,83.87222107397083,上昇の勢い加速,長期(60日),パーフェクトオーダー、強い上昇トレンド
443,ゼンショーホールディングス,7550.T,サービス業,8052.0,0.21904008095025734,-,-1 (中立),-,47.41948282883608,上昇の勢い加速,長期(60日),トレンドが明確、長期保有で利益拡大
444,住友金属鉱山,5713.T,非鉄金属,9093.0,0.2175015558802079,-,-5 (弱い),-,42.47276471728602,下落の勢い加速,長期(60日),長期的な成長に期待
445,TOPPANホールディングス,7911.T,その他製品,4562.0,0.21553164893823878,-,-4 (弱い),-,45.598942438454195,下落の勢い加速,長期(60日),長期的な成長に期待
446,大阪ガス,9532.T,電力・ガス業,5361.0,0.2150728302123112,-,-2 (やや弱い),-,29.279634031826816,下落の勢い加速,長期(60日),トレンドが明確、長期保有で利益拡大
447,トヨタ自動車,7203.T,輸送機器,3042.0,0.21456108180342187,-,+2 (やや強い),-,48.102173223520076,上昇の勢い加速,長期(60日),長期的な成長に期待
448,日東紡績,3110.T,繊維製品,22670.0,0.21297081597518852,-,-2 (やや弱い),-,43.58802981662423,下落の勢い加速,長期(60日),長期的な成長に期待
449,GMOペイメントゲートウェイ,3769.T,情報・通信業,8759.0,0.21238938570111504,-,+3 (やや強い),-,58.24543092794275,上昇の勢い加速,長期(60日),長期的な成長に期待
450,三菱マテリアル,5711.T,非鉄金属,5153.0,0.21046665167299966,-,-6 (弱い),-,47.49996379023429,下落の勢い加速,長期(60日),長期的な成長に期待
451,JT,2914.T,食料品,6167.0,0.20741452127035037,-,+2 (やや強い),-,54.39328819522478,下落の勢い加速,長期(60日),パーフェクトオーダー、強い上昇トレンド
452,扶桑化学工業,4368.T,化学,4275.0,0.20505058114378122,-,+6 (強い),-,61.79111157356771,上昇の勢い加速,長期(60日),パーフェクトオーダー、強い上昇トレンド
453,コナミグループ,9766.T,情報・通信業,18930.0,0.20405646619804965,-,-5 (弱い),-,44.77513600422202,下落の勢い加速,長期(60日),長期的な成長に期待
454,SOMPOホールディングス,8630.T,保険業,5958.0,0.20205169541064738,-,-5 (弱い),-,51.69244467277722,下落の勢い加速,長期(60日),長期的な成長に期待
455,オープンハウスグループ,3288.T,不動産業,8646.0,0.20197964962128812,-,+1 (中立),-,39.38762282757316,上昇の勢い加速,長期(60日),トレンドが明確、長期保有で利益拡大
456,武田薬品工業,4502.T,医薬品,5118.0,0.19941152055356212,-,+1 (中立),-,36.183559138592116,上昇の勢い加速,長期(60日),トレンドが明確、長期保有で利益拡大
457,オルガノ,6368.T,機械,15960.0,0.19920101729044495,-,-2 (やや弱い),-,44.55724468337657,下落の勢い加速,長期(60日),長期的な成長に期待
458,シンフォニアテクノロジー,6507.T,電気機器,13750.0,0.195678811760543,-,-3 (やや弱い),-,47.52753844361714,下落の勢い加速,長期(60日),トレンドが明確、長期保有で利益拡大
459,東邦ホールディングス,8129.T,卸売業,4217.0,0.1944916224151053,-,+0 (中立),-,43.90759855623435,上昇の勢い加速,長期(60日),長期的な成長に期待
460,大和ハウス工業,1925.T,建設業,4334.0,0.18649500930784246,-,+0 (中立),-,22.450109613531495,下落の勢い加速,長期(60日),トレンドが明確、長期保有で利益拡大
461,堀場製作所,6856.T,電気機器,26265.0,0.18568615973922425,-,+5 (強い),-,71.90240793244557,上昇の勢い加速,長期(60日),パーフェクトオーダー、強い上昇トレンド
462,ヒロセ電機,6806.T,電気機器,28225.0,0.18290376689103616,-,+3 (やや強い),-,82.38532239981241,上昇の勢い加速,長期(60日),パーフェクトオーダー、強い上昇トレンド
463,デクセリアルズ,4980.T,化学,4038.0,0.1817812289403105,-,+5 (強い),-,67.69820784681269,上昇の勢い加速,長期(60日),パーフェクトオーダー、強い上昇トレンド
464,神戸物産,3038.T,小売業,2711.0,0.1801244093077256,-,+1 (中立),-,40.184778331299434,上昇の勢い加速,長期(60日),トレンドが明確、長期保有で利益拡大
465,アドバンテスト,6857.T,電気機器,26170.0,0.17999180677540358,-,-3 (やや弱い),-,46.70293886879712,下落の勢い加速,長期(60日),長期的な成長に期待
466,SWCC,5805.T,非鉄金属,14840.0,0.1788508781178369,-,-3 (やや弱い),-,50.19177478938461,下落の勢い加速,長期(60日),長期的な成長に期待
467,ルネサスエレクトロニクス,6723.T,電気機器,4500.0,0.1788461083477132,-,+5 (強い),-,68.79519028741956,上昇の勢い加速,長期(60日),パーフェクトオーダー、強い上昇トレンド
468,東京精密,7729.T,精密機器,17385.0,0.1741504806783851,-,+1 (中立),-,52.86308829251785,下落の勢い加速,長期(60日),パーフェクトオーダー、強い上昇トレンド
469,双日,2768.T,卸売業,5391.0,0.17373597158386106,-,-4 (弱い),-,34.203407395293965,下落の勢い加速,長期(60日),長期的な成長に期待
470,芝浦メカトロニクス,6590.T,電気機器,5180.0,0.17201791187667245,-,+4 (強い),-,53.45581570140726,上昇の勢い加速,長期(60日),パーフェクトオーダー、強い上昇トレンド
471,三菱重工業,7011.T,機械,3806.0,0.16631607841676538,-,-3 (やや弱い),-,28.43962796120333,下落の勢い加速,長期(60日),トレンドが明確、長期保有で利益拡大
472,ソフトバンクグループ,9984.T,情報・通信業,7491.0,0.16596715889967148,-,+5 (強い),-,66.25519766195882,上昇の勢い加速,長期(60日),パーフェクトオーダー、強い上昇トレンド
473,日本オラクル,4716.T,情報・通信業,8617.0,0.16298504774479786,-,+0 (中立),-,44.75544303436055,下落の勢い加速,長期(60日),長期的な成長に期待
474,商船三井,9104.T,海運業,5476.0,0.16284857938038966,-,-3 (やや弱い),-,30.19543669684215,下落の勢い加速,長期(60日),トレンドが明確、長期保有で利益拡大
475,日本郵船,9101.T,海運業,5313.0,0.16186484645320598,-,-4 (弱い),-,38.24019121640879,下落の勢い加速,長期(60日),長期的な成長に期待
476,三井金属鉱業,5706.T,非鉄金属,51630.0,0.16171938257773202,-,+3 (やや強い),-,60.00546664747291,下落の勢い加速,長期(60日),パーフェクトオーダー、強い上昇トレンド
477,任天堂,7974.T,その他製品,7148.0,0.15448821083760217,-,+0 (中立),-,40.46493171908244,上昇の勢い加速,長期(60日),トレンドが明確、長期保有で利益拡大
478,アストロスケールホールディングス,186A.T,サービス業,2739.0,0.14609724720203138,-,+5 (強い),-,73.6935625655592,上昇の勢い加速,長期(60日),パーフェクトオーダー、強い上昇トレンド
479,三菱商事,8058.T,卸売業,5065.0,0.13808150043600326,-,-2 (やや弱い),-,41.86758903074098,下落の勢い加速,長期(60日),長期的な成長に期待
480,東京エレクトロン,8035.T,電気機器,52420.0,0.13694292322516155,-,+6 (強い),-,62.63196161375204,上昇の勢い加速,長期(60日),パーフェクトオーダー、強い上昇トレンド
481,テクセンド,429A.T,情報・通信業,4595.0,0.13427416639584183,-,+1 (中立),-,58.2537136322277,下落の勢い加速,長期(60日),パーフェクトオーダー、強い上昇トレンド
482,SMC,6273.T,電気機器,69110.0,0.13344786852195653,-,-3 (やや弱い),-,47.35055556958254,下落の勢い加速,長期(60日),トレンドが明確、長期保有で利益拡大
483,ダイヘン,6622.T,電気機器,15850.0,0.13327806711074602,-,+2 (やや強い),-,50.38750461286002,下落の勢い加速,長期(60日),パーフェクトオーダー、強い上昇トレンド
484,SUMCO,3436.T,電気機器,3994.0,0.12145856431650863,-,+5 (強い),-,74.22620649345396,上昇の勢い加速,長期(60日),パーフェクトオーダー、強い上昇トレンド
485,三井物産,8031.T,卸売業,5290.0,0.11987857062801693,-,-3 (やや弱い),-,33.02413480628556,下落の勢い加速,長期(60日),長期的な成長に期待
486,ユニオンツール,6278.T,機械,22020.0,0.11973731932617417,-,+5 (強い),-,64.03839933211043,上昇の勢い加速,長期(60日),パーフェクトオーダー、強い上昇トレンド
487,PowerX,485A.T,電気機器,3855.0,0.11781422535577253,-,+2 (やや強い),-,49.90623833968163,下落の勢い加速,長期(60日),パーフェクトオーダー、強い上昇トレンド
488,丸紅,8002.T,卸売業,5196.0,0.11613065372337446,-,-4 (弱い),-,35.821569547864925,下落の勢い加速,長期(60日),長期的な成長に期待
489,JX金属,5016.T,鉱業,3929.0,0.10923546447530827,-,-2 (やや弱い),-,41.713134203754,下落の勢い加速,長期(60日),長期的な成長に期待
490,ディスコ,6146.T,電気機器,65090.0,0.10425105552844321,-,-5 (弱い),-,43.49883134884904,下落の勢い加速,長期(60日),長期的な成長に期待
491,三井E&S,7003.T,機械,4456.0,0.10342470327068937,-,-4 (弱い),-,35.66897258191534,下落の勢い加速,長期(60日),長期的な成長に期待
492,ファーストリテイリング,9983.T,小売業,82330.0,0.10115711935691975,-,+4 (強い),-,72.14157114578626,上昇の勢い加速,長期(60日),パーフェクトオーダー、強い上昇トレンド
493,三井住友フィナンシャルグループ,8316.T,銀行業,5819.0,0.09900790314464433,-,+1 (中立),-,52.74940879988562,下落の勢い加速,長期(60日),パーフェクトオーダー、強い上昇トレンド
494,レーザーテック,6920.T,電気機器,40130.0,0.08864461741870838,-,+1 (中立),-,49.22193754315293,下落の勢い加速,長期(60日),パーフェクトオーダー、強い上昇トレンド
495,古河電気工業,5801.T,非鉄金属,52060.0,0.07862153577429734,-,+1 (中立),-,54.24272049574683,下落の勢い加速,長期(60日),パーフェクトオーダー、強い上昇トレンド
496,MARUWA,5344.T,ガラス・土石製品,74440.0,0.0775261731449185,-,+1 (中立),-,54.88311162799128,下落の勢い加速,長期(60日),パーフェクトオーダー、強い上昇トレンド
497,キーエンス,6861.T,電気機器,80110.0,0.06063665337310199,-,-3 (やや弱い),-,62.062372485228636,下落の勢い加速,長期(60日),トレンドが明確、長期保有で利益拡大
498,キオクシアホールディングス,285A.T,電気機器,65850.0,0.05258627254748226,-,+5 (強い),-,74.74631931582418,上昇の勢い加速,長期(60日),パーフェクトオーダー、強い上昇トレンド
499,メイコー,6787.T,電気機器,38600.0,0.04631720629999838,-,+1 (中立),-,57.222190278917466,下落の勢い加速,長期(60日),パーフェクトオーダー、強い上昇トレンド
